applicant_id,age,pays,secteur_activite,revenu_mensuel_xaf,anciennete_emploi,ratio_endettement,historique_credit,nb_credits_actifs,mobile_money_score,zone,date_demande,total_montant_xaf,avg_credit_xaf,total_retards,max_retard,nb_credit,nom_partenaire,type_partenaire,pays_partenaire,dernier_statut_credit,seuil_score_partenaire,volume_mensuel_partenaire,nb_credits_defaut_hist,nb_credits_rembourses_hist,nb_credits_restructures_hist,nb_credits_en_cours_hist,taux_defaut_historique,taux_remboursement_historique,jours_depuis_dernier_credit,nb_transaction_mois,volume_entrant,volume_sortant,regularite_score,operateur,anciennete_compte_mois,flag_primo_demandeur,flag_no_credit_history,flag_anciennete_emploi_missing,score_regularite_pondere,flux_sortant_sur_revenu,anciennete_credit_normalisee,indice_surendettement,revenu_par_credit_actif,anomaly_score,is_anomaly,defaut_paiement
FIN-1029-1226,44,CMR,Commerce,148000.0,14.0,0.089,,1,34.9,Peri-urbain,2024-02-12,2860000.0,476666.6666666667,21.0,82.0,6.0,PretRapide CAF 22,microfinance,CMR,restructure,516.0,418.0,4.0,0.0,2.0,0.0,0.6666666666666666,0.0,31.0,3.0,324100.0,282200.0,22.5,MTN,76.0,1,0,0,97.73562199170787,1.9067567567567567,0.03125,0.0,74000.0,0.10716253172260326,1,0
FIN-1027-1008,54,COG,Artisanat,2657400.0,109.0,0.439,,0,42.7,Semi-urbain,2025-01-11,1655000.0,551666.6666666666,15.0,114.0,3.0,CreditPop GNQ 38,banque,CMR,defaut,507.0,34.0,3.0,0.0,0.0,0.0,1.0,0.0,8.0,4.0,70300.0,72600.0,75.0,MIXTE,16.0,1,1,0,212.4910008042162,0.0273199367803115,0.1111111111111111,0.0,2657400.0,0.10204246090641633,1,0
FIN-1047-1738,65,GAB,Service,54500.0,81.0,0.506,528.0,1,41.6,Urbain,2024-06-10,4330000.0,721666.6666666666,21.0,104.0,6.0,AfriFin GNQ 22,microfinance,CMR,defaut,650.0,205.0,4.0,0.0,2.0,0.0,0.6666666666666666,0.0,9.0,5.0,140500.0,119700.0,21.5,ORANGE,39.0,0,0,0,79.31090826344963,2.1963302752293576,0.1,0.0,27250.0,0.09843504008721371,1,1
FIN-1005-1525,59,TCD,Agriculture,219900.0,82.0,2.793,407.0,0,48.7,Urbain,2023-09-14,905000.0,181000.0,25.0,115.0,5.0,AfriFin GNQ 38,banque,CMR,defaut,471.0,99.0,4.0,0.0,1.0,0.0,0.8,0.0,764.0,2.0,39400.0,41900.0,38.4,MTN,5.0,0,1,0,68.8035636183573,0.1905411550704865,0.0013071895424836,1.793,219900.0,0.09225893363748994,1,0
FIN-1029-1223,58,CAF,Commerce,675200.0,83.0,0.579,,0,,Urbain,2024-04-25,1370000.0,342500.0,26.0,118.0,4.0,AfriFin GNQ 38,banque,CMR,restructure,471.0,99.0,3.0,0.0,1.0,0.0,0.75,0.0,286.0,8.0,309500.0,328500.0,60.9,ORANGE,32.0,1,1,0,212.93731049330864,0.4865225118483412,0.0034843205574912,0.0,675200.0,0.08998602111620535,1,0
FIN-1037-1718,27,COG,Commerce,224400.0,28.0,0.396,,0,72.4,Urbain,2023-12-02,2425000.0,606250.0,15.0,75.0,4.0,CapSud CMR 21,cooperative,GNQ,defaut,625.0,168.0,3.0,0.0,1.0,0.0,0.75,0.0,4.0,7.0,24400.0,,1.5,MIXTE,2.0,1,1,0,1.6479184330021643,,0.2,0.0,224400.0,0.0898964789893062,1,0
FIN-1041-1836,44,COG,Commerce,40600.0,103.0,0.179,805.0,1,,Urbain,2024-10-23,1790000.0,298333.3333333333,21.0,97.0,6.0,AfriFin GAB 42,mobile_money,COG,defaut,681.0,444.0,4.0,0.0,2.0,0.0,0.6666666666666666,0.0,4.0,3.0,28400.0,32600.0,14.1,MIXTE,28.0,0,0,0,47.47887120280929,0.8029556650246306,0.2,0.0,20300.0,0.0863038194453245,1,0
FIN-1022-1275,40,TCD,Commerce,109100.0,103.0,1.297,807.0,0,66.8,Peri-urbain,2025-05-16,2665000.0,888333.3333333334,15.0,96.0,3.0,CapSud GNQ 39,microfinance,CMR,defaut,613.0,213.0,3.0,0.0,0.0,0.0,1.0,0.0,65.0,7.0,217200.0,221600.0,25.0,CAMTEL,74.0,0,1,0,107.93720283840776,2.031164069660861,0.0151515151515151,0.2969999999999999,109100.0,0.08569421324045035,1,0
FIN-1022-1658,39,GAB,Agriculture,719300.0,0.0,1.836,,2,76.6,Rural,2025-05-05,2095000.0,523750.0,16.0,103.0,4.0,EsperoFin GNQ 13,microfinance,CMR,restructure,578.0,585.0,3.0,0.0,1.0,0.0,0.75,0.0,48.0,14.0,104800.0,120300.0,14.3,MTN,13.0,1,0,0,37.7385198134982,0.1672459335465035,0.0204081632653061,0.8360000000000001,239766.66666666663,0.08342384697719574,1,1
FIN-1029-1804,52,CMR,Service,102100.0,37.0,0.263,672.0,1,83.2,Urbain,2024-01-15,3030000.0,432857.1428571429,26.0,115.0,7.0,NovaMoney CMR 20,banque,CMR,restructure,697.0,1018.0,4.0,0.0,3.0,0.0,0.5714285714285714,0.0,1.0,,,,,,,0,0,0,,,0.5,0.0,51050.0,0.08113275458939151,1,0
FIN-1044-1581,20,GAB,Agriculture,197100.0,77.0,2.869,442.0,6,29.2,Urbain,2024-06-22,870000.0,217500.0,15.0,117.0,4.0,FondasFin GAB 39,banque,CMR,restructure,659.0,825.0,2.0,0.0,2.0,0.0,0.5,0.0,171.0,,,,,,,0,0,0,,,0.005813953488372,1.869,28157.14285714286,0.08070870210579384,1,0
FIN-1012-1334,34,CMR,Artisanat,105500.0,40.0,1.408,792.0,0,,Peri-urbain,2023-12-24,2875000.0,718750.0,12.0,117.0,4.0,FondasFin CAF 12,microfinance,CMR,defaut,677.0,1181.0,2.0,0.0,2.0,0.0,0.5,0.0,172.0,18.0,74900.0,87100.0,2.5,MTN,44.0,0,1,0,9.516656224425798,0.8255924170616113,0.0057803468208092,0.4079999999999999,105500.0,0.0803487351297607,1,0
FIN-1011-1450,31,CAF,Service,63800.0,0.0,0.526,689.0,0,,Rural,2024-06-10,955000.0,238750.0,20.0,82.0,4.0,NovaMoney CMR 31,mobile_money,GAB,restructure,707.0,630.0,1.0,0.0,3.0,0.0,0.25,0.0,259.0,6.0,326500.0,287600.0,16.6,MTN,43.0,0,1,0,62.817547923043136,4.507836990595611,0.0038461538461538,0.0,63800.0,0.07927747348063674,1,0
FIN-1014-1287,52,CMR,Agriculture,53400.0,24.0,2.908,,0,,Peri-urbain,2023-03-14,1315000.0,438333.3333333333,14.0,81.0,3.0,MicroFin CMR 29,cooperative,TCD,defaut,454.0,653.0,2.0,0.0,1.0,0.0,0.6666666666666666,0.0,368.0,6.0,38200.0,42500.0,18.4,ORANGE,48.0,1,1,0,71.60949348523552,0.795880149812734,0.002710027100271,1.908,53400.0,0.07920042926942439,1,0
FIN-1002-1938,25,CMR,Agriculture,1605500.0,64.0,0.42,564.0,0,,Urbain,2024-09-08,1655000.0,413750.0,17.0,101.0,4.0,EsperoFin CMR 15,mobile_money,CMR,defaut,560.0,174.0,3.0,0.0,1.0,0.0,0.75,0.0,19.0,12.0,15800.0,14900.0,24.1,ORANGE,76.0,0,1,0,104.6857106666738,0.0092805979445655,0.05,0.0,1605500.0,0.07847348160184786,1,0
FIN-1031-1470,47,CMR,Artisanat,65000.0,51.0,2.469,813.0,0,71.9,Urbain,2024-12-15,2090000.0,522500.0,16.0,98.0,4.0,FondasFin COG 34,microfinance,CMR,defaut,584.0,261.0,3.0,0.0,1.0,0.0,0.75,0.0,127.0,7.0,57600.0,66200.0,19.3,MTN,56.0,0,1,0,78.03088946920683,1.0184615384615383,0.0078125,1.469,65000.0,0.07755807149021166,1,0
FIN-1017-1006,72,CAF,Agriculture,970300.0,87.0,,,4,,Urbain,2023-11-30,2260000.0,753333.3333333334,18.0,70.0,3.0,AllianceFin CMR 49,banque,COG,defaut,504.0,931.0,3.0,0.0,0.0,0.0,1.0,0.0,73.0,4.0,23700.0,24500.0,12.7,MTN,15.0,1,0,0,35.211876772445216,0.0252499227043182,0.0135135135135135,0.0,194060.0,0.0774416171971285,1,0
FIN-1027-1927,67,CMR,Commerce,30000.0,14.0,2.762,336.0,2,62.7,Rural,2023-06-18,1435000.0,1435000.0,7.0,31.0,1.0,AfriFin CMR 41,mobile_money,GAB,restructure,692.0,1096.0,0.0,0.0,1.0,0.0,0.0,0.0,137.0,10.0,119100.0,135800.0,55.0,ORANGE,2.0,0,0,0,60.42367587674602,4.526666666666666,0.0072463768115942,1.762,10000.0,0.0770543974230058,1,0
FIN-1047-1842,73,CMR,Artisanat,166500.0,98.0,1.789,609.0,4,65.1,Urbain,2025-06-05,2640000.0,660000.0,17.0,102.0,4.0,EsperoFin TCD 4,microfinance,GAB,defaut,657.0,969.0,3.0,0.0,1.0,0.0,0.75,0.0,808.0,12.0,41900.0,44800.0,4.4,MTN,20.0,0,0,0,13.395898725983065,0.2690690690690691,0.0012360939431396,0.7889999999999999,33300.0,0.07661368142706015,1,0
FIN-1045-1427,74,CMR,Artisanat,206200.0,118.0,0.552,,0,,Urbain,2025-06-11,2430000.0,1215000.0,9.0,79.0,2.0,CapSud CAF 10,microfinance,CMR,defaut,451.0,1086.0,1.0,0.0,1.0,0.0,0.5,0.0,4.0,19.0,67600.0,74500.0,16.8,CAMTEL,46.0,1,1,0,64.68247970872899,0.3612997090203685,0.2,0.0,206200.0,0.07643228992552686,1,0
FIN-1025-1029,18,CMR,Agriculture,843800.0,60.0,0.188,,0,42.4,Urbain,2023-08-09,830000.0,276666.6666666667,15.0,90.0,3.0,KamoFin CAF 48,microfinance,CMR,defaut,454.0,47.0,2.0,0.0,1.0,0.0,0.6666666666666666,0.0,872.0,3.0,9400.0,11000.0,9.1,MTN,9.0,1,1,0,20.953524346245818,0.0130362645176582,0.0011454753722794,0.0,843800.0,0.07579256017923586,1,0
FIN-1047-1123,70,CMR,Commerce,111200.0,0.0,2.669,443.0,3,35.6,Peri-urbain,2023-10-29,595000.0,198333.3333333333,15.0,86.0,3.0,PretRapide COG 15,microfinance,CAF,restructure,718.0,308.0,1.0,0.0,2.0,0.0,0.3333333333333333,0.0,34.0,9.0,4100.0,3600.0,33.8,MIXTE,41.0,0,0,0,126.33323309797784,0.0323741007194244,0.0285714285714285,1.669,27800.0,0.0755992491605394,1,1
FIN-1002-1458,54,CMR,Agriculture,99400.0,78.0,0.137,,3,89.1,Rural,2025-11-26,865000.0,216250.0,19.0,105.0,4.0,KamoFin CMR 10,banque,GNQ,defaut,454.0,1004.0,3.0,0.0,1.0,0.0,0.75,0.0,193.0,9.0,145400.0,162600.0,9.9,ORANGE,30.0,1,0,0,33.99647332440295,1.635814889336016,0.0051546391752577,0.0,24850.0,0.07527841024000104,1,0
FIN-1041-1285,67,CMR,Commerce,686900.0,0.0,0.498,,1,43.0,Peri-urbain,2024-09-09,3715000.0,928750.0,19.0,97.0,4.0,CapSud CAF 40,banque,GAB,defaut,567.0,747.0,3.0,0.0,1.0,0.0,0.75,0.0,59.0,4.0,64100.0,71300.0,30.1,MTN,25.0,1,0,0,98.0687057944466,0.1037996797204833,0.0166666666666666,0.0,343450.0,0.07514382999320024,1,0
FIN-1012-1971,28,CMR,Commerce,180200.0,0.0,2.808,768.0,0,35.1,Urbain,2022-09-26,1960000.0,653333.3333333334,7.0,94.0,3.0,MicroFin GAB 23,microfinance,CAF,defaut,441.0,646.0,2.0,0.0,1.0,0.0,0.6666666666666666,0.0,662.0,4.0,35900.0,32700.0,20.9,ORANGE,48.0,0,1,0,81.33904423051209,0.1814650388457269,0.0015082956259426,1.808,180200.0,0.07400532950746397,1,0
FIN-1049-1391,53,GNQ,Service,112800.0,48.0,2.894,710.0,0,84.0,Rural,2023-05-23,885000.0,295000.0,12.0,110.0,3.0,BarakaCredit CAF 10,banque,COG,defaut,635.0,1067.0,3.0,0.0,0.0,0.0,1.0,0.0,16.0,,,,,,,0,1,0,,,0.0588235294117647,1.894,112800.0,0.07373655467369511,1,0
FIN-1047-1839,19,CMR,Agriculture,70200.0,,0.464,714.0,2,,Urbain,2025-06-04,3165000.0,791250.0,12.0,116.0,4.0,SolidaCredit TCD 17,banque,COG,defaut,606.0,1144.0,2.0,0.0,2.0,0.0,0.5,0.0,531.0,6.0,70100.0,69500.0,7.7,MIXTE,2.0,0,0,1,8.459314622744444,0.99002849002849,0.0018796992481203,0.0,23400.0,0.07327812441415238,1,0
FIN-1016-1100,71,COG,Commerce,104300.0,66.0,2.768,,3,70.0,Urbain,2025-01-12,1595000.0,797500.0,9.0,87.0,2.0,ZenithMicro COG 4,mobile_money,COG,restructure,662.0,697.0,1.0,0.0,1.0,0.0,0.5,0.0,1672.0,13.0,19900.0,19100.0,46.8,ORANGE,67.0,1,0,0,197.47296060224176,0.1831255992329817,0.0005977286312014,1.7679999999999998,26075.0,0.07300393299884433,1,0
FIN-1030-1779,35,CMR,Commerce,515500.0,94.0,0.28,338.0,0,19.9,Urbain,2024-04-10,1905000.0,476250.0,19.0,105.0,4.0,SolidaCredit GNQ 5,cooperative,CMR,restructure,584.0,240.0,2.0,0.0,2.0,0.0,0.5,0.0,30.0,5.0,31700.0,35800.0,30.6,ORANGE,84.0,0,1,0,135.9451284486037,0.0694471387002909,0.032258064516129,0.0,515500.0,0.07276258448616713,1,1
FIN-1049-1954,64,CMR,Commerce,257900.0,99.0,2.746,,1,55.1,Rural,2024-08-16,1745000.0,581666.6666666666,10.0,116.0,3.0,SolidaCredit COG 23,banque,CMR,defaut,634.0,858.0,3.0,0.0,0.0,0.0,1.0,0.0,344.0,13.0,133400.0,138600.0,12.1,MIXTE,59.0,1,0,0,49.541569202887416,0.537417603722373,0.0028985507246376,1.746,128950.0,0.07251683233282813,1,1
FIN-1039-1408,24,CMR,Service,166400.0,0.0,1.613,,1,48.2,Peri-urbain,2023-12-22,3515000.0,1171666.6666666667,15.0,97.0,3.0,KamoFin TCD 17,microfinance,COG,restructure,624.0,294.0,1.0,0.0,2.0,0.0,0.3333333333333333,0.0,103.0,16.0,133100.0,132900.0,40.1,CAMTEL,16.0,1,0,0,113.61185509665428,0.7986778846153846,0.0096153846153846,0.613,83200.0,0.0708799127909332,1,0
FIN-1038-1917,30,CMR,Commerce,725000.0,72.0,0.467,,7,,Peri-urbain,2025-09-29,5350000.0,2675000.0,5.0,69.0,2.0,AllianceFin CMR 39,banque,GNQ,restructure,695.0,253.0,1.0,0.0,1.0,0.0,0.5,0.0,1752.0,17.0,54500.0,59100.0,11.4,MTN,51.0,1,0,0,45.04417839182828,0.0815172413793103,0.0005704506560182,0.0,90625.0,0.07068200251919754,1,0
FIN-1047-1296,49,COG,Service,30000.0,31.0,0.411,341.0,3,92.0,Semi-urbain,2023-12-25,1320000.0,330000.0,13.0,76.0,4.0,MicroFin GAB 39,banque,CMR,defaut,627.0,1057.0,2.0,0.0,2.0,0.0,0.5,0.0,4.0,14.0,70400.0,64700.0,10.6,MIXTE,72.0,0,0,0,45.47887007617295,2.1566666666666667,0.2,0.0,7500.0,0.07011336103208665,1,1
FIN-1047-1222,39,CMR,Commerce,1118900.0,91.0,0.151,,0,93.5,Urbain,2024-01-27,1650000.0,550000.0,11.0,89.0,3.0,PretRapide CAF 22,microfinance,CMR,defaut,516.0,418.0,3.0,0.0,0.0,0.0,1.0,0.0,390.0,7.0,16100.0,16200.0,23.2,MTN,3.0,1,1,0,32.16202917798146,0.0144785056752167,0.0025575447570332,0.0,1118900.0,0.06986116988592117,1,0
FIN-1026-1165,44,TCD,Commerce,106400.0,76.0,2.827,312.0,1,59.4,Urbain,2024-06-30,575000.0,287500.0,6.0,95.0,2.0,PretRapide CMR 39,mobile_money,GAB,defaut,557.0,647.0,1.0,0.0,1.0,0.0,0.5,0.0,655.0,11.0,424600.0,416300.0,49.5,MTN,55.0,0,0,0,199.25490869138991,3.912593984962406,0.0015243902439024,1.827,53200.0,0.06969926206357757,1,0
FIN-1009-1492,35,TCD,Artisanat,218700.0,34.0,0.076,,0,72.1,Rural,2025-06-23,3870000.0,3870000.0,7.0,106.0,1.0,NovaMoney CMR 14,banque,COG,defaut,533.0,709.0,1.0,0.0,0.0,0.0,1.0,0.0,1942.0,7.0,34500.0,35700.0,28.3,MTN,3.0,1,1,0,39.23213041969291,0.1632373113854595,0.0005146680391147,0.0,218700.0,0.06943494289723362,1,0
FIN-1033-1956,70,CMR,Agriculture,347600.0,111.0,0.393,,1,,Peri-urbain,2023-09-14,1730000.0,432500.0,18.0,119.0,4.0,SolidaCredit GNQ 5,cooperative,CMR,defaut,584.0,240.0,3.0,0.0,1.0,0.0,0.75,0.0,369.0,9.0,336700.0,395300.0,61.5,MTN,79.0,1,0,0,269.4946380324437,1.1372266973532796,0.0027027027027027,0.0,173800.0,0.06932728858084103,1,0
FIN-1035-1404,44,TCD,Agriculture,76200.0,20.0,0.378,731.0,0,19.6,Peri-urbain,2023-10-26,1835000.0,458750.0,19.0,112.0,4.0,BarakaCredit CAF 10,banque,COG,defaut,635.0,1067.0,3.0,0.0,1.0,0.0,0.75,0.0,8.0,17.0,38300.0,38800.0,25.0,MIXTE,14.0,0,1,0,67.70125502755525,0.5091863517060368,0.1111111111111111,0.0,76200.0,0.06926353773854754,1,0
FIN-1034-1017,51,CMR,Service,84000.0,60.0,2.37,516.0,2,88.5,Rural,2025-10-18,2770000.0,692500.0,13.0,72.0,4.0,AllianceFin COG 8,banque,GAB,defaut,663.0,709.0,1.0,0.0,3.0,0.0,0.25,0.0,1516.0,13.0,51900.0,52700.0,25.1,MIXTE,58.0,0,0,0,102.34618984203355,0.6273809523809524,0.000659195781147,1.37,28000.0,0.06906023194925637,1,0
FIN-1012-1270,42,TCD,Artisanat,1736200.0,35.0,0.192,422.0,0,70.6,Peri-urbain,2023-01-07,810000.0,270000.0,10.0,117.0,3.0,KamoFin CMR 10,banque,GNQ,defaut,454.0,1004.0,2.0,0.0,1.0,0.0,0.6666666666666666,0.0,83.0,11.0,106800.0,122500.0,9.2,MIXTE,8.0,0,1,0,20.21446611149322,0.0705563875129593,0.0119047619047619,0.0,1736200.0,0.06809304647580072,1,0
FIN-1001-1833,44,CMR,Commerce,1481400.0,119.0,0.32,793.0,0,93.5,Peri-urbain,2023-02-24,520000.0,260000.0,12.0,114.0,2.0,NovaMoney CAF 29,cooperative,GAB,defaut,643.0,399.0,2.0,0.0,0.0,0.0,1.0,0.0,29.0,7.0,34600.0,35000.0,12.9,ORANGE,16.0,0,1,0,36.54845213832519,0.0236262994464695,0.0333333333333333,0.0,1481400.0,0.06764402986176965,1,0
FIN-1033-1375,72,COG,Artisanat,81000.0,2.0,0.31,754.0,0,80.7,Peri-urbain,2025-04-19,740000.0,185000.0,22.0,110.0,4.0,AllianceFin TCD 18,mobile_money,GAB,restructure,637.0,179.0,3.0,0.0,1.0,0.0,0.75,0.0,7.0,2.0,51400.0,59600.0,22.4,ORANGE,55.0,0,1,0,90.16787787246734,0.7358024691358025,0.125,0.0,81000.0,0.06623072464462587,1,0
FIN-1041-1935,53,COG,Service,1229900.0,30.0,0.297,824.0,1,39.0,Peri-urbain,2025-07-13,1235000.0,411666.6666666667,15.0,109.0,3.0,AfriFin GAB 9,banque,CMR,restructure,674.0,1152.0,1.0,0.0,2.0,0.0,0.3333333333333333,0.0,42.0,3.0,253000.0,269600.0,37.1,MIXTE,66.0,0,0,0,155.99409617940483,0.2192048133994633,0.0232558139534883,0.0,614950.0,0.06531551236401112,1,0
FIN-1027-1942,19,CMR,Agriculture,30000.0,113.0,0.727,720.0,4,47.9,Rural,2025-11-06,2130000.0,710000.0,13.0,47.0,3.0,KamoFin CMR 10,banque,GNQ,restructure,454.0,1004.0,2.0,0.0,1.0,0.0,0.6666666666666666,0.0,269.0,8.0,197800.0,177300.0,15.4,ORANGE,62.0,0,0,0,63.8042747864296,5.91,0.0037037037037037,0.0,6000.0,0.06501303510217582,1,0
FIN-1029-1130,70,GAB,Commerce,,25.0,0.117,,3,11.9,Urbain,2024-12-06,1065000.0,355000.0,15.0,97.0,3.0,CapSud CAF 38,mobile_money,CAF,defaut,536.0,444.0,2.0,0.0,1.0,0.0,0.6666666666666666,0.0,538.0,5.0,284200.0,284500.0,13.9,MTN,59.0,1,0,0,56.9113894148872,,0.0018552875695732,0.0,,0.06472658098951767,1,0
FIN-1005-1759,21,CMR,Agriculture,184600.0,43.0,2.736,331.0,2,74.5,Urbain,2024-04-20,1600000.0,400000.0,21.0,96.0,4.0,SolidaCredit COG 8,microfinance,CMR,defaut,514.0,104.0,3.0,0.0,1.0,0.0,0.75,0.0,377.0,11.0,36700.0,41800.0,52.7,MTN,2.0,0,0,0,57.89686761280938,0.2264355362946912,0.0026455026455026,1.7360000000000002,61533.333333333336,0.06452244218480385,1,1
FIN-1044-1076,66,CAF,Commerce,341900.0,70.0,0.066,822.0,4,45.5,Urbain,2024-11-07,2005000.0,334166.6666666667,17.0,95.0,6.0,EsperoFin GAB 36,banque,GAB,restructure,594.0,413.0,5.0,0.0,1.0,0.0,0.8333333333333334,0.0,85.0,11.0,231900.0,230100.0,50.0,ORANGE,13.0,0,0,0,131.95286648076294,0.6730038022813688,0.0116279069767441,0.0,68380.0,0.06323138208146029,1,0
FIN-1041-1048,37,GAB,Artisanat,1865700.0,16.0,0.409,,2,97.5,Urbain,2025-08-22,1135000.0,283750.0,11.0,112.0,4.0,AfriFin COG 37,microfinance,GAB,defaut,513.0,23.0,3.0,0.0,1.0,0.0,0.75,0.0,788.0,18.0,22100.0,24600.0,18.7,MTN,33.0,1,0,0,65.94294181032222,0.0131853995819263,0.0012674271229404,0.0,621900.0,0.06314813487895043,1,0
FIN-1025-1549,18,GAB,Commerce,468800.0,10.0,,791.0,0,,Peri-urbain,2023-10-06,3825000.0,1275000.0,8.0,87.0,3.0,KamoFin CMR 10,banque,GNQ,restructure,454.0,1004.0,1.0,0.0,2.0,0.0,0.3333333333333333,0.0,463.0,17.0,42400.0,38100.0,4.8,ORANGE,45.0,0,1,0,18.377478703147656,0.0812713310580204,0.0021551724137931,0.0,468800.0,0.06295778164848953,1,0
FIN-1010-1502,47,CMR,Service,218500.0,106.0,0.105,,0,58.9,Rural,2025-05-20,1935000.0,483750.0,13.0,112.0,4.0,SolidaCredit GAB 9,banque,CMR,defaut,493.0,125.0,3.0,0.0,1.0,0.0,0.75,0.0,19.0,13.0,66800.0,57300.0,12.4,CAMTEL,16.0,1,1,0,35.13184546629708,0.2622425629290618,0.05,0.0,218500.0,0.06231359543237025,1,0
FIN-1002-1081,33,CMR,Commerce,106100.0,75.0,2.311,362.0,3,66.1,Urbain,2022-10-23,900000.0,225000.0,15.0,100.0,4.0,BarakaCredit CMR 48,mobile_money,CAF,defaut,597.0,1069.0,4.0,0.0,0.0,0.0,1.0,0.0,115.0,18.0,16100.0,13900.0,24.0,MTN,75.0,0,0,0,103.93760016687196,0.1310084825636192,0.0086206896551724,1.311,26525.0,0.06172489494760691,1,0
FIN-1009-1992,55,CMR,Agriculture,84400.0,20.0,0.685,837.0,0,62.5,Peri-urbain,2024-02-11,1435000.0,358750.0,16.0,99.0,4.0,SolidaCredit COG 17,microfinance,CMR,defaut,676.0,877.0,2.0,0.0,2.0,0.0,0.5,0.0,398.0,14.0,119900.0,143300.0,0.2,MTN,2.0,0,1,0,0.2197224577336219,1.697867298578199,0.0025062656641604,0.0,84400.0,0.06121330122079727,1,0
FIN-1009-1052,24,TCD,Artisanat,631400.0,77.0,0.035,374.0,0,,Urbain,2024-02-11,2955000.0,2955000.0,4.0,98.0,1.0,CreditPop GAB 17,microfinance,CMR,defaut,694.0,634.0,1.0,0.0,0.0,0.0,1.0,0.0,135.0,4.0,122000.0,142500.0,22.4,ORANGE,75.0,0,1,0,97.0084268224138,0.2256889452011403,0.0073529411764705,0.0,631400.0,0.061108523182279106,1,0
FIN-1030-1802,47,CMR,Agriculture,71500.0,0.0,0.033,,3,79.3,Urbain,2024-06-03,1050000.0,262500.0,16.0,114.0,4.0,AllianceFin TCD 26,mobile_money,TCD,restructure,456.0,931.0,3.0,0.0,1.0,0.0,0.75,0.0,17.0,17.0,49700.0,50200.0,18.7,MIXTE,29.0,1,0,0,63.60239103708231,0.7020979020979021,0.0555555555555555,0.0,17875.0,0.06082067246962197,1,0
FIN-1008-1687,56,CMR,Artisanat,733700.0,33.0,0.442,565.0,1,,Urbain,2025-05-13,1530000.0,382500.0,18.0,117.0,4.0,MicroFin CMR 14,microfinance,CAF,restructure,678.0,1144.0,3.0,0.0,1.0,0.0,0.75,0.0,10.0,6.0,34800.0,41200.0,16.0,ORANGE,79.0,0,0,0,70.1124261547821,0.0561537413111626,0.0909090909090909,0.0,366850.0,0.060728831098796454,1,0
FIN-1012-1603,18,CMR,Service,96800.0,82.0,0.549,,3,60.7,Peri-urbain,2025-12-03,4845000.0,1615000.0,13.0,74.0,3.0,SolidaCredit GAB 23,microfinance,COG,defaut,565.0,761.0,3.0,0.0,0.0,0.0,1.0,0.0,571.0,11.0,181900.0,174000.0,52.2,MTN,65.0,1,0,0,218.69997753377945,1.7975206611570247,0.0017482517482517,0.0,24200.0,0.0603748954769292,1,1
FIN-1033-1576,75,CMR,Artisanat,271500.0,68.0,0.389,783.0,0,78.1,Urbain,2023-09-26,2650000.0,662500.0,14.0,104.0,4.0,SolidaCredit CAF 9,cooperative,CMR,defaut,611.0,318.0,2.0,0.0,2.0,0.0,0.5,0.0,113.0,6.0,19100.0,21000.0,21.0,ORANGE,74.0,0,1,0,90.66725038426252,0.0773480662983425,0.0087719298245614,0.0,271500.0,0.06011685584855275,1,0
FIN-1000-1759,32,CMR,Agriculture,109800.0,101.0,0.236,525.0,3,90.4,Rural,2024-12-26,1640000.0,410000.0,21.0,110.0,4.0,MicroFin CMR 14,microfinance,CAF,restructure,678.0,1144.0,1.0,0.0,3.0,0.0,0.25,0.0,238.0,14.0,168900.0,165200.0,19.0,ORANGE,40.0,0,0,0,70.55786926738185,1.5045537340619308,0.00418410041841,0.0,27450.0,0.059993598914712565,1,0
FIN-1019-1546,26,GAB,Service,165000.0,,0.083,729.0,3,65.6,Urbain,2025-03-21,1000000.0,250000.0,16.0,81.0,4.0,SolidaCredit CAF 1,banque,GAB,restructure,530.0,1146.0,1.0,0.0,3.0,0.0,0.25,0.0,1281.0,13.0,7200.0,7200.0,14.8,ORANGE,74.0,0,0,1,63.89882408033739,0.0436363636363636,0.000780031201248,0.0,41250.0,0.05910806542297231,1,0
FIN-1007-1530,24,CMR,Commerce,226500.0,48.0,0.451,369.0,0,49.4,Urbain,2025-08-23,3265000.0,544166.6666666666,23.0,71.0,6.0,BarakaCredit TCD 5,cooperative,COG,defaut,522.0,175.0,5.0,0.0,1.0,0.0,0.8333333333333334,0.0,128.0,8.0,85400.0,73600.0,53.2,MIXTE,70.0,0,1,0,226.774569458598,0.3249448123620309,0.0077519379844961,0.0,226500.0,0.05868316712111743,1,0
FIN-1031-1787,44,CMR,Commerce,56100.0,82.0,0.262,679.0,0,23.2,Rural,2024-07-18,1035000.0,258750.0,19.0,115.0,4.0,SolidaCredit GAB 18,banque,GAB,restructure,453.0,557.0,2.0,0.0,2.0,0.0,0.5,0.0,789.0,14.0,168600.0,180900.0,52.4,MTN,70.0,0,1,0,223.36442555696493,3.2245989304812834,0.0012658227848101,0.0,56100.0,0.0583419955943737,1,0
FIN-1023-1006,41,CAF,Agriculture,165000.0,0.0,0.143,597.0,0,,Rural,2023-06-20,1010000.0,168333.33333333334,25.0,116.0,6.0,FondasFin CMR 2,microfinance,CMR,restructure,715.0,215.0,3.0,0.0,3.0,0.0,0.5,0.0,603.0,8.0,37200.0,39500.0,17.7,MIXTE,81.0,0,1,0,77.99893067657729,0.2393939393939393,0.0016556291390728,0.0,165000.0,0.058229441420239225,1,0
FIN-1030-1100,57,GAB,Service,1730600.0,118.0,0.57,,0,37.5,Peri-urbain,2025-06-15,1550000.0,387500.0,10.0,101.0,4.0,ZenithMicro GAB 6,banque,CAF,restructure,569.0,635.0,2.0,0.0,2.0,0.0,0.5,0.0,63.0,,,,,,,1,1,0,,,0.015625,0.0,1730600.0,0.0582045932137889,1,0
FIN-1029-1917,40,CMR,Commerce,398300.0,83.0,0.086,818.0,0,90.4,Rural,2025-05-29,2600000.0,433333.3333333333,25.0,76.0,6.0,AllianceFin CMR 45,microfinance,GNQ,defaut,471.0,638.0,6.0,0.0,0.0,0.0,1.0,0.0,184.0,11.0,14300.0,12700.0,41.2,ORANGE,6.0,0,1,0,80.17149814107891,0.0318855134320863,0.0054054054054054,0.0,398300.0,0.05768018270068498,1,0
FIN-1017-1540,63,TCD,Elevage,153000.0,,0.545,729.0,2,55.8,Urbain,2025-08-13,910000.0,227500.0,16.0,92.0,4.0,AllianceFin COG 30,microfinance,CMR,defaut,482.0,296.0,3.0,0.0,1.0,0.0,0.75,0.0,135.0,4.0,196500.0,229000.0,,MTN,7.0,0,0,1,,1.4967320261437909,0.0073529411764705,0.0,51000.0,0.05755665073518057,1,1
FIN-1003-1850,20,CMR,Artisanat,360900.0,24.0,0.53,,2,67.2,Urbain,2025-06-15,1060000.0,212000.0,15.0,107.0,5.0,PretRapide CMR 42,microfinance,TCD,defaut,691.0,1067.0,4.0,0.0,1.0,0.0,0.8,0.0,40.0,10.0,107700.0,128200.0,41.4,ORANGE,31.0,1,0,0,143.48146637590867,0.3552230534774175,0.024390243902439,0.0,120300.0,0.05736514464517539,1,0
FIN-1026-1241,60,TCD,Artisanat,57900.0,14.0,0.254,814.0,3,72.6,Peri-urbain,2023-04-25,2870000.0,358750.0,24.0,104.0,8.0,AfriFin CMR 24,mobile_money,GAB,defaut,524.0,396.0,6.0,0.0,2.0,0.0,0.75,0.0,261.0,12.0,17600.0,20200.0,16.8,MTN,45.0,0,0,0,64.3211754610168,0.3488773747841105,0.0038167938931297,0.0,14475.0,0.05728334561321624,1,0
FIN-1013-1389,51,GNQ,Commerce,602800.0,115.0,0.321,508.0,0,56.5,Urbain,2024-09-21,1525000.0,254166.66666666663,16.0,97.0,6.0,CreditPop GNQ 38,banque,CMR,restructure,507.0,34.0,4.0,0.0,2.0,0.0,0.6666666666666666,0.0,600.0,9.0,44200.0,52400.0,44.9,MTN,14.0,0,1,0,121.59145402948924,0.0869276708692767,0.0016638935108153,0.0,602800.0,0.056752522768618974,1,0
FIN-1004-1817,75,GAB,Agriculture,149900.0,30.0,0.42,828.0,3,71.0,Urbain,2023-09-19,2085000.0,417000.0,21.0,97.0,5.0,CreditPop CMR 10,microfinance,CMR,restructure,440.0,1128.0,2.0,0.0,3.0,0.0,0.4,0.0,32.0,5.0,49300.0,45600.0,31.8,MTN,22.0,0,0,0,99.70871606654696,0.3042028018679119,0.0303030303030303,0.0,37475.0,0.056586760861031316,1,0
FIN-1045-1751,55,CMR,Commerce,87100.0,70.0,0.594,667.0,3,41.0,Peri-urbain,2025-02-14,3750000.0,937500.0,14.0,116.0,4.0,MicroFin TCD 12,banque,COG,restructure,681.0,55.0,2.0,0.0,2.0,0.0,0.5,0.0,45.0,10.0,61500.0,71800.0,24.7,MTN,51.0,0,0,0,97.59571984896124,0.8243398392652124,0.0217391304347826,0.0,21775.0,0.05619443213755937,1,0
FIN-1036-1451,22,COG,Artisanat,962500.0,16.0,0.158,755.0,0,86.4,Peri-urbain,2025-10-15,2235000.0,745000.0,12.0,106.0,3.0,EsperoFin CMR 32,banque,CMR,restructure,606.0,532.0,1.0,0.0,2.0,0.0,0.3333333333333333,0.0,642.0,18.0,23700.0,26600.0,36.2,MIXTE,2.0,0,1,0,39.76976484978557,0.0276363636363636,0.0015552099533437,0.0,962500.0,0.05609232484732396,1,1
FIN-1011-1515,53,CMR,Service,133200.0,69.0,2.63,742.0,2,80.6,Urbain,2025-07-06,985000.0,246250.0,19.0,105.0,4.0,AllianceFin GAB 15,banque,CMR,restructure,653.0,1100.0,2.0,0.0,2.0,0.0,0.5,0.0,174.0,,,,,,,0,0,0,,,0.0057142857142857,1.63,44400.0,0.05592820981880309,1,0
FIN-1010-1858,45,COG,Commerce,578500.0,0.0,2.795,570.0,1,94.3,Urbain,2024-04-07,2550000.0,1275000.0,9.0,99.0,2.0,ProximaCredit GAB 11,microfinance,CMR,defaut,507.0,922.0,2.0,0.0,0.0,0.0,1.0,0.0,110.0,,,,,,,0,0,0,,,0.009009009009009,1.795,289250.0,0.055542587043519887,1,1
FIN-1021-1348,58,CMR,Service,66200.0,118.0,0.097,329.0,0,,Peri-urbain,2023-10-25,1085000.0,271250.0,19.0,90.0,4.0,NovaMoney GNQ 12,banque,CMR,restructure,594.0,412.0,3.0,0.0,1.0,0.0,0.75,0.0,7.0,8.0,34600.0,41100.0,31.2,ORANGE,40.0,0,1,0,115.8634484811744,0.620845921450151,0.125,0.0,66200.0,0.05553444748872727,1,0
FIN-1041-1240,54,CMR,Artisanat,132900.0,17.0,0.086,,1,53.2,Urbain,2022-02-07,1445000.0,361250.0,17.0,107.0,4.0,BarakaCredit COG 20,mobile_money,GNQ,defaut,628.0,1180.0,2.0,0.0,2.0,0.0,0.5,0.0,88.0,4.0,33200.0,38900.0,11.0,ORANGE,12.0,1,0,0,28.214442932076903,0.2927012791572611,0.0112359550561797,0.0,66450.0,0.05550794170886353,1,1
FIN-1022-1283,33,GAB,Agriculture,563400.0,40.0,0.218,680.0,0,20.4,Campagne,2024-07-25,980000.0,245000.0,11.0,103.0,4.0,MicroFin GAB 39,banque,CMR,restructure,627.0,1057.0,1.0,0.0,3.0,0.0,0.25,0.0,1226.0,4.0,19900.0,17100.0,9.4,MTN,66.0,0,1,0,39.52411062227508,0.0303514376996805,0.0008149959250203,0.0,563400.0,0.055178310149820775,1,0
FIN-1012-1410,59,COG,Artisanat,,106.0,1.891,305.0,0,,Rural,2025-07-24,620000.0,206666.66666666663,10.0,119.0,3.0,AllianceFin GNQ 19,banque,CMR,defaut,547.0,465.0,2.0,0.0,1.0,0.0,0.6666666666666666,0.0,576.0,2.0,276600.0,239700.0,40.0,ORANGE,66.0,0,1,0,168.18770477563862,,0.0017331022530329,0.891,,0.05401963551565481,1,0
FIN-1032-1374,69,CMR,Agriculture,450500.0,9.0,0.359,,2,,Urbain,2025-06-04,1880000.0,376000.0,13.0,113.0,5.0,PretRapide GNQ 34,mobile_money,COG,restructure,658.0,212.0,4.0,0.0,1.0,0.0,0.8,0.0,222.0,19.0,33100.0,36800.0,12.9,ORANGE,76.0,1,0,0,56.03508994191253,0.0816870144284128,0.0044843049327354,0.0,150166.66666666666,0.053860588445075686,1,0
FIN-1027-1683,75,CMR,Agriculture,735100.0,2.0,0.024,427.0,2,88.7,Urbain,2025-08-16,1310000.0,436666.6666666667,17.0,106.0,3.0,MicroFin GNQ 10,microfinance,CMR,defaut,444.0,313.0,2.0,0.0,1.0,0.0,0.6666666666666666,0.0,1241.0,18.0,16000.0,18400.0,7.6,ORANGE,56.0,0,0,0,30.72718963554258,0.0250306080805332,0.000805152979066,0.0,245033.3333333333,0.0538254067018884,1,1
FIN-1012-1466,32,CMR,Artisanat,397200.0,33.0,0.508,828.0,2,45.6,Peri-urbain,2024-10-22,1125000.0,375000.0,11.0,100.0,3.0,MicroFin GNQ 42,microfinance,COG,defaut,605.0,1083.0,3.0,0.0,0.0,0.0,1.0,0.0,1481.0,2.0,211800.0,239900.0,6.8,MTN,73.0,0,0,0,29.267642633788352,0.6039778449144008,0.0006747638326585,0.0,132400.0,0.053622320378105215,1,0
FIN-1026-1402,64,GAB,Artisanat,239300.0,37.0,0.243,847.0,3,,Rural,2025-12-02,2370000.0,474000.0,21.0,105.0,5.0,BarakaCredit CAF 39,banque,COG,defaut,691.0,1118.0,4.0,0.0,1.0,0.0,0.8,0.0,456.0,19.0,8100.0,7400.0,2.7,MIXTE,72.0,0,0,0,11.584240491100656,0.0309235269536147,0.0021881838074398,0.0,59825.0,0.05355129783845902,1,0
FIN-1031-1208,26,CMR,Commerce,2159100.0,0.0,2.941,676.0,0,12.1,Urbain,2024-08-31,475000.0,475000.0,1.0,3.0,1.0,MicroFin CMR 33,microfinance,GAB,defaut,511.0,134.0,1.0,0.0,0.0,0.0,1.0,0.0,1155.0,,,,,,,0,1,0,,,0.0008650519031141,1.941,2159100.0,0.05346392473204309,1,0
FIN-1033-1954,53,CMR,Commerce,197400.0,0.0,0.349,,1,57.9,Urbain,2025-12-16,2850000.0,712500.0,15.0,119.0,4.0,AfriFin CMR 41,mobile_money,GAB,defaut,692.0,1096.0,4.0,0.0,0.0,0.0,1.0,0.0,1398.0,14.0,46400.0,53100.0,43.8,ORANGE,63.0,1,0,0,182.1590790511536,0.2689969604863222,0.0007147962830593,0.0,98700.0,0.053405184987575516,1,0
FIN-1028-1169,21,CMR,Commerce,683700.0,91.0,0.099,,0,33.4,Semi-urbain,2024-04-06,1030000.0,343333.3333333333,9.0,117.0,3.0,EsperoFin CMR 32,banque,CMR,defaut,606.0,532.0,3.0,0.0,0.0,0.0,1.0,0.0,281.0,12.0,26000.0,25800.0,30.1,ORANGE,11.0,1,1,0,74.79569015861881,0.0377358490566037,0.0035460992907801,0.0,683700.0,0.05339855279479122,1,0
FIN-1045-1740,28,CMR,Agriculture,65000.0,,0.362,,0,47.2,Rural,2025-06-11,1910000.0,636666.6666666666,8.0,79.0,3.0,CapSud GNQ 22,mobile_money,CMR,restructure,613.0,367.0,2.0,0.0,1.0,0.0,0.6666666666666666,0.0,861.0,4.0,113800.0,131100.0,48.3,MTN,65.0,1,1,1,202.36032403987636,2.016923076923077,0.0011600928074245,0.0,65000.0,0.05331066447863975,1,0
FIN-1046-1143,59,GAB,Service,146400.0,0.0,0.573,834.0,0,43.1,Urbain,2025-06-10,2255000.0,563750.0,19.0,29.0,4.0,ZenithMicro COG 18,microfinance,CAF,restructure,524.0,474.0,2.0,0.0,2.0,0.0,0.5,0.0,1647.0,19.0,6500.0,6000.0,26.2,MTN,35.0,0,1,0,93.88819618755008,0.040983606557377,0.0006067961165048,0.0,146400.0,0.053101971444005414,1,0
FIN-1033-1892,54,COG,Artisanat,106100.0,57.0,0.319,,0,23.0,Urbain,2025-11-25,2505000.0,626250.0,14.0,89.0,4.0,CapSud CMR 22,banque,CAF,defaut,528.0,497.0,3.0,0.0,1.0,0.0,0.75,0.0,307.0,15.0,40200.0,44100.0,9.3,MTN,65.0,1,1,0,38.96378910084576,0.41564561734213,0.0032467532467532,0.0,106100.0,0.053063008817532564,1,0
FIN-1029-1935,75,COG,Agriculture,577900.0,94.0,0.142,779.0,1,78.2,Urbain,2025-05-14,1085000.0,361666.6666666667,19.0,114.0,3.0,NovaMoney GNQ 5,microfinance,COG,restructure,487.0,1058.0,1.0,0.0,2.0,0.0,0.3333333333333333,0.0,1324.0,4.0,65900.0,76900.0,6.6,MTN,25.0,0,0,0,21.50343715094178,0.1330680048451289,0.000754716981132,0.0,288950.0,0.05297850814715144,1,0
FIN-1038-1306,21,GAB,Commerce,118200.0,0.0,0.106,,0,70.2,Urbain,2025-10-21,925000.0,231250.0,12.0,110.0,4.0,NovaMoney CAF 2,banque,TCD,defaut,598.0,737.0,3.0,0.0,1.0,0.0,0.75,0.0,1296.0,5.0,28700.0,26600.0,10.5,MTN,30.0,1,1,0,36.05686564709404,0.2250423011844331,0.0007710100231303,0.0,118200.0,0.052897485384095555,1,0
FIN-1000-1355,38,GAB,Agriculture,30000.0,41.0,0.039,421.0,0,67.0,Peri-urbain,2024-05-01,1700000.0,425000.0,14.0,86.0,4.0,EsperoFin CMR 7,banque,CMR,defaut,642.0,484.0,2.0,0.0,2.0,0.0,0.5,0.0,482.0,13.0,99200.0,113600.0,42.7,ORANGE,84.0,0,1,0,189.70120865213653,3.786666666666666,0.0020703933747412,0.0,30000.0,0.05284530451507452,1,0
FIN-1009-1429,33,CAF,Elevage,268100.0,3.0,2.4,504.0,1,50.4,Campagne,2024-02-13,410000.0,136666.66666666666,13.0,113.0,3.0,KamoFin GNQ 43,microfinance,CAF,restructure,483.0,633.0,1.0,0.0,2.0,0.0,0.3333333333333333,0.0,130.0,6.0,23200.0,26900.0,18.3,ORANGE,45.0,0,0,0,70.06413755575045,0.1003356956359567,0.0076335877862595,1.4,134050.0,0.05274218089410254,1,0
FIN-1027-1643,41,CAF,Commerce,172100.0,120.0,0.333,386.0,0,45.3,Rural,2025-09-08,1450000.0,362500.0,27.0,73.0,4.0,ZenithMicro GNQ 28,microfinance,CMR,defaut,442.0,789.0,1.0,0.0,3.0,0.0,0.25,0.0,181.0,15.0,162600.0,145900.0,1.5,MTN,49.0,0,1,0,5.868034508142219,0.8477629285299244,0.0054945054945054,0.0,172100.0,0.052704012887043405,1,0
FIN-1007-1545,20,CMR,Artisanat,180700.0,44.0,0.091,504.0,0,68.5,Urbain,2023-10-12,3545000.0,1772500.0,10.0,66.0,2.0,EsperoFin TCD 10,mobile_money,CMR,defaut,512.0,420.0,1.0,0.0,1.0,0.0,0.5,0.0,581.0,5.0,264000.0,307300.0,35.9,ORANGE,8.0,0,1,0,78.88036232637027,1.7006087437742117,0.0017182130584192,0.0,180700.0,0.0525290060943554,1,1
FIN-1044-1231,55,COG,Agriculture,319700.0,83.0,0.48,,1,51.3,Urbain,2024-05-19,1725000.0,345000.0,17.0,58.0,5.0,MicroFin GNQ 5,microfinance,CMR,restructure,485.0,615.0,3.0,0.0,2.0,0.0,0.6,0.0,58.0,14.0,8300.0,9900.0,22.4,ORANGE,15.0,1,0,0,62.10598737817109,0.0309665311229277,0.0169491525423728,0.0,159850.0,0.05226031293194866,1,0
FIN-1013-1951,65,RCA,Artisanat,535800.0,62.0,2.418,805.0,0,64.4,Urbain,2022-08-24,4205000.0,4205000.0,6.0,38.0,1.0,EsperoFin TCD 4,microfinance,GAB,defaut,657.0,969.0,1.0,0.0,0.0,0.0,1.0,0.0,625.0,,,,,,,0,1,0,,,0.0015974440894568,1.418,535800.0,0.05223557979047411,1,0
FIN-1019-1180,49,GAB,Commerce,90700.0,9.0,0.131,,2,85.1,Rural,2025-07-09,3345000.0,836250.0,13.0,102.0,4.0,CapSud GNQ 22,microfinance,CMR,defaut,614.0,598.0,4.0,0.0,0.0,0.0,1.0,0.0,431.0,10.0,8000.0,7800.0,9.9,ORANGE,54.0,1,0,0,39.67259853380147,0.0859977949283351,0.0023148148148148,0.0,30233.33333333333,0.052098182169098894,1,1
FIN-1018-1575,70,GAB,Agriculture,330600.0,100.0,1.602,560.0,0,87.6,Urbain,2025-10-03,2035000.0,508750.0,18.0,32.0,4.0,KamoFin GNQ 43,microfinance,CAF,restructure,483.0,633.0,1.0,0.0,3.0,0.0,0.25,0.0,541.0,19.0,16700.0,14300.0,63.8,MTN,23.0,0,1,0,202.7598343761989,0.043254688445251,0.0018450184501845,0.6020000000000001,330600.0,0.05195577605831503,1,0
FIN-1028-1375,39,CMR,Service,155000.0,55.0,,723.0,0,43.0,Urbain,2025-09-15,2545000.0,363571.4285714286,36.0,114.0,7.0,PretRapide GAB 45,microfinance,CMR,restructure,617.0,1185.0,4.0,0.0,3.0,0.0,0.5714285714285714,0.0,265.0,3.0,56100.0,,57.4,ORANGE,27.0,0,1,0,191.26853888405668,,0.0037593984962406,0.0,155000.0,0.05195079442871542,1,0
FIN-1036-1898,27,TCD,Commerce,226000.0,49.0,2.623,417.0,1,81.1,Rural,2024-07-26,2645000.0,2645000.0,3.0,94.0,1.0,FondasFin GNQ 21,microfinance,CMR,defaut,678.0,268.0,1.0,0.0,0.0,0.0,1.0,0.0,507.0,6.0,27400.0,31800.0,44.3,MTN,62.0,0,0,0,183.54086837914488,0.1407079646017699,0.0019685039370078,1.6230000000000002,113000.0,0.051729424811848834,1,0
FIN-1020-1150,21,CMR,Artisanat,261600.0,77.0,0.468,563.0,0,85.8,Peri-urbain,2023-07-17,1470000.0,490000.0,17.0,112.0,3.0,CreditPop CMR 40,banque,CMR,defaut,607.0,878.0,3.0,0.0,0.0,0.0,1.0,0.0,325.0,2.0,147200.0,173800.0,28.0,ORANGE,65.0,0,1,0,117.3103327767399,0.6643730886850153,0.0030674846625766,0.0,261600.0,0.05155440454366422,1,0
