applicant_id,age,pays,secteur_activite,revenu_mensuel_xaf,anciennete_emploi,ratio_endettement,historique_credit,nb_credits_actifs,mobile_money_score,zone,date_demande,defaut_paiement,total_montant_xaf,avg_credit_xaf,total_retards,max_retard,nb_credit,nom_partenaire,type_partenaire,pays_partenaire,dernier_statut_credit,seuil_score_partenaire,volume_mensuel_partenaire,nb_credits_defaut_hist,nb_credits_rembourses_hist,nb_credits_restructures_hist,nb_credits_en_cours_hist,taux_defaut_historique,taux_remboursement_historique,jours_depuis_dernier_credit,nb_transaction_mois,volume_entrant,volume_sortant,regularite_score,operateur,anciennete_compte_mois,flag_primo_demandeur,flag_no_credit_history,flag_anciennete_emploi_missing,score_regularite_pondere,flux_sortant_sur_revenu,anciennete_credit_normalisee,indice_surendettement,revenu_par_credit_actif,anomaly_score,is_anomaly
FIN-1029-1226,44,CMR,Commerce,148000.0,14.0,0.089,,1,34.9,Peri-urbain,2024-02-12,0,2860000.0,476666.6666666667,21.0,82.0,6.0,PretRapide CAF 22,microfinance,CMR,restructure,516.0,418.0,4.0,0.0,2.0,0.0,0.6666666666666666,0.0,31.0,3.0,324100.0,282200.0,22.5,MTN,76.0,1,0,0,97.73562199170787,1.9067567567567567,0.03125,0.0,74000.0,0.11477988593456512,1
FIN-1047-1738,65,GAB,Service,54500.0,81.0,0.506,528.0,1,41.6,Urbain,2024-06-10,1,4330000.0,721666.6666666666,21.0,104.0,6.0,AfriFin GNQ 22,microfinance,CMR,defaut,650.0,205.0,4.0,0.0,2.0,0.0,0.6666666666666666,0.0,9.0,5.0,140500.0,119700.0,21.5,ORANGE,39.0,0,0,0,79.31090826344963,2.1963302752293576,0.1,0.0,27250.0,0.10851671787505368,1
FIN-1027-1008,54,COG,Artisanat,2657400.0,109.0,0.439,,0,42.7,Semi-urbain,2025-01-11,0,1655000.0,551666.6666666666,15.0,114.0,3.0,CreditPop GNQ 38,banque,CMR,defaut,507.0,34.0,3.0,0.0,0.0,0.0,1.0,0.0,8.0,4.0,70300.0,72600.0,75.0,MIXTE,16.0,1,1,0,212.4910008042162,0.0273199367803115,0.1111111111111111,0.0,2657400.0,0.10670748266405183,1
FIN-1005-1525,59,TCD,Agriculture,219900.0,82.0,2.793,407.0,0,48.7,Urbain,2023-09-14,0,905000.0,181000.0,25.0,115.0,5.0,AfriFin GNQ 38,banque,CMR,defaut,471.0,99.0,4.0,0.0,1.0,0.0,0.8,0.0,764.0,2.0,39400.0,41900.0,38.4,MTN,5.0,0,1,0,68.8035636183573,0.1905411550704865,0.0013071895424836,1.793,219900.0,0.09800159089107241,1
FIN-1041-1836,44,COG,Commerce,40600.0,103.0,0.179,805.0,1,,Urbain,2024-10-23,0,1790000.0,298333.3333333333,21.0,97.0,6.0,AfriFin GAB 42,mobile_money,COG,defaut,681.0,444.0,4.0,0.0,2.0,0.0,0.6666666666666666,0.0,4.0,3.0,28400.0,32600.0,14.1,MIXTE,28.0,0,0,0,47.47887120280929,0.8029556650246306,0.2,0.0,20300.0,0.0917064368055106,1
FIN-1029-1223,58,CAF,Commerce,675200.0,83.0,0.579,,0,,Urbain,2024-04-25,0,1370000.0,342500.0,26.0,118.0,4.0,AfriFin GNQ 38,banque,CMR,restructure,471.0,99.0,3.0,0.0,1.0,0.0,0.75,0.0,286.0,8.0,309500.0,328500.0,60.9,ORANGE,32.0,1,1,0,212.93731049330864,0.4865225118483412,0.0034843205574912,0.0,675200.0,0.09067202822903964,1
FIN-1022-1658,39,GAB,Agriculture,719300.0,0.0,1.836,,2,76.6,Rural,2025-05-05,1,2095000.0,523750.0,16.0,103.0,4.0,EsperoFin GNQ 13,microfinance,CMR,restructure,578.0,585.0,3.0,0.0,1.0,0.0,0.75,0.0,48.0,14.0,104800.0,120300.0,14.3,MTN,13.0,1,0,0,37.7385198134982,0.1672459335465035,0.0204081632653061,0.8360000000000001,239766.66666666663,0.08860235678765149,1
FIN-1047-1123,70,CMR,Commerce,111200.0,0.0,2.669,443.0,3,35.6,Peri-urbain,2023-10-29,1,595000.0,198333.3333333333,15.0,86.0,3.0,PretRapide COG 15,microfinance,CAF,restructure,718.0,308.0,1.0,0.0,2.0,0.0,0.3333333333333333,0.0,34.0,9.0,4100.0,3600.0,33.8,MIXTE,41.0,0,0,0,126.33323309797784,0.0323741007194244,0.0285714285714285,1.669,27800.0,0.08848883079492331,1
FIN-1022-1275,40,TCD,Commerce,109100.0,103.0,1.297,807.0,0,66.8,Peri-urbain,2025-05-16,0,2665000.0,888333.3333333334,15.0,96.0,3.0,CapSud GNQ 39,microfinance,CMR,defaut,613.0,213.0,3.0,0.0,0.0,0.0,1.0,0.0,65.0,7.0,217200.0,221600.0,25.0,CAMTEL,74.0,0,1,0,107.93720283840776,2.031164069660861,0.0151515151515151,0.2969999999999999,109100.0,0.0883519294031333,1
FIN-1041-1935,53,COG,Service,1229900.0,30.0,0.297,824.0,1,39.0,Peri-urbain,2025-07-13,0,1235000.0,411666.6666666667,15.0,109.0,3.0,AfriFin GAB 9,banque,CMR,restructure,674.0,1152.0,1.0,0.0,2.0,0.0,0.3333333333333333,0.0,42.0,3.0,253000.0,269600.0,37.1,MIXTE,66.0,0,0,0,155.99409617940483,0.2192048133994633,0.0232558139534883,0.0,614950.0,0.08831220298608711,1
FIN-1039-1408,24,CMR,Service,166400.0,0.0,1.613,,1,48.2,Peri-urbain,2023-12-22,0,3515000.0,1171666.6666666667,15.0,97.0,3.0,KamoFin TCD 17,microfinance,COG,restructure,624.0,294.0,1.0,0.0,2.0,0.0,0.3333333333333333,0.0,103.0,16.0,133100.0,132900.0,40.1,CAMTEL,16.0,1,0,0,113.61185509665428,0.7986778846153846,0.0096153846153846,0.613,83200.0,0.08775494028608677,1
FIN-1012-1334,34,CMR,Artisanat,105500.0,40.0,1.408,792.0,0,,Peri-urbain,2023-12-24,0,2875000.0,718750.0,12.0,117.0,4.0,FondasFin CAF 12,microfinance,CMR,defaut,677.0,1181.0,2.0,0.0,2.0,0.0,0.5,0.0,172.0,18.0,74900.0,87100.0,2.5,MTN,44.0,0,1,0,9.516656224425798,0.8255924170616113,0.0057803468208092,0.4079999999999999,105500.0,0.08576058529682773,1
FIN-1037-1126,72,CMR,Commerce,774900.0,47.0,0.331,,0,79.7,Semi-urbain,2025-10-22,0,1420000.0,355000.0,19.0,97.0,4.0,AllianceFin CMR 21,microfinance,TCD,restructure,640.0,1165.0,3.0,0.0,1.0,0.0,0.75,0.0,359.0,3.0,8300.0,7300.0,8.4,CAMTEL,71.0,1,1,0,35.923995399734864,0.0094205703961801,0.0027777777777777,0.0,774900.0,0.08541720113343754,1
FIN-1044-1581,20,GAB,Agriculture,197100.0,77.0,2.869,442.0,6,29.2,Urbain,2024-06-22,0,870000.0,217500.0,15.0,117.0,4.0,FondasFin GAB 39,banque,CMR,restructure,659.0,825.0,2.0,0.0,2.0,0.0,0.5,0.0,171.0,,,,,,,0,0,0,,,0.005813953488372,1.869,28157.14285714286,0.08465013305197666,1
FIN-1045-1665,69,CAF,Commerce,76000.0,24.0,0.482,752.0,1,31.8,Urbain,2022-08-12,0,5670000.0,2835000.0,11.0,95.0,2.0,NovaMoney CMR 31,mobile_money,GAB,restructure,707.0,630.0,1.0,0.0,1.0,0.0,0.5,0.0,43.0,5.0,254200.0,253300.0,25.3,MIXTE,53.0,0,0,0,100.92129637807616,3.332894736842105,0.0227272727272727,0.0,38000.0,0.08457081634220764,1
FIN-1002-1938,25,CMR,Agriculture,1605500.0,64.0,0.42,564.0,0,,Urbain,2024-09-08,0,1655000.0,413750.0,17.0,101.0,4.0,EsperoFin CMR 15,mobile_money,CMR,defaut,560.0,174.0,3.0,0.0,1.0,0.0,0.75,0.0,19.0,12.0,15800.0,14900.0,24.1,ORANGE,76.0,0,1,0,104.6857106666738,0.0092805979445655,0.05,0.0,1605500.0,0.08414553750069198,1
FIN-1013-1951,65,RCA,Artisanat,535800.0,62.0,2.418,805.0,0,64.4,Urbain,2022-08-24,0,4205000.0,4205000.0,6.0,38.0,1.0,EsperoFin TCD 4,microfinance,GAB,defaut,657.0,969.0,1.0,0.0,0.0,0.0,1.0,0.0,625.0,,,,,,,0,1,0,,,0.0015974440894568,1.418,535800.0,0.08404532578714197,1
FIN-1025-1029,18,CMR,Agriculture,843800.0,60.0,0.188,,0,42.4,Urbain,2023-08-09,0,830000.0,276666.6666666667,15.0,90.0,3.0,KamoFin CAF 48,microfinance,CMR,defaut,454.0,47.0,2.0,0.0,1.0,0.0,0.6666666666666666,0.0,872.0,3.0,9400.0,11000.0,9.1,MTN,9.0,1,1,0,20.953524346245818,0.0130362645176582,0.0011454753722794,0.0,843800.0,0.08364961629829559,1
FIN-1030-1319,71,COG,Elevage,678400.0,16.0,0.485,646.0,0,67.0,Peri-urbain,2025-09-04,0,1965000.0,491250.0,17.0,101.0,4.0,AllianceFin CMR 39,banque,GNQ,defaut,695.0,253.0,4.0,0.0,0.0,0.0,1.0,0.0,978.0,14.0,181400.0,163000.0,17.1,MTN,64.0,0,1,0,71.3820223152154,0.2402712264150943,0.0010214504596527,0.0,678400.0,0.08247758424279028,1
FIN-1049-1954,64,CMR,Commerce,257900.0,99.0,2.746,,1,55.1,Rural,2024-08-16,1,1745000.0,581666.6666666666,10.0,116.0,3.0,SolidaCredit COG 23,banque,CMR,defaut,634.0,858.0,3.0,0.0,0.0,0.0,1.0,0.0,344.0,13.0,133400.0,138600.0,12.1,MIXTE,59.0,1,0,0,49.541569202887416,0.537417603722373,0.0028985507246376,1.746,128950.0,0.08233325359415766,1
FIN-1012-1971,28,CMR,Commerce,180200.0,0.0,2.808,768.0,0,35.1,Urbain,2022-09-26,0,1960000.0,653333.3333333334,7.0,94.0,3.0,MicroFin GAB 23,microfinance,CAF,defaut,441.0,646.0,2.0,0.0,1.0,0.0,0.6666666666666666,0.0,662.0,4.0,35900.0,32700.0,20.9,ORANGE,48.0,0,1,0,81.33904423051209,0.1814650388457269,0.0015082956259426,1.808,180200.0,0.081516494188841,1
FIN-1011-1450,31,CAF,Service,63800.0,0.0,0.526,689.0,0,,Rural,2024-06-10,0,955000.0,238750.0,20.0,82.0,4.0,NovaMoney CMR 31,mobile_money,GAB,restructure,707.0,630.0,1.0,0.0,3.0,0.0,0.25,0.0,259.0,6.0,326500.0,287600.0,16.6,MTN,43.0,0,1,0,62.817547923043136,4.507836990595611,0.0038461538461538,0.0,63800.0,0.08108017260383427,1
FIN-1037-1718,27,COG,Commerce,224400.0,28.0,0.396,,0,72.4,Urbain,2023-12-02,0,2425000.0,606250.0,15.0,75.0,4.0,CapSud CMR 21,cooperative,GNQ,defaut,625.0,168.0,3.0,0.0,1.0,0.0,0.75,0.0,4.0,7.0,24400.0,,1.5,MIXTE,2.0,1,1,0,1.6479184330021643,,0.2,0.0,224400.0,0.0808958956684589,1
FIN-1043-1132,29,GAB,Agriculture,73800.0,110.0,0.218,,1,77.5,Rural,2023-12-21,1,1390000.0,347500.0,20.0,112.0,4.0,MicroFin GAB 46,mobile_money,CMR,defaut,661.0,528.0,2.0,0.0,2.0,0.0,0.5,0.0,110.0,13.0,207600.0,238300.0,22.9,MTN,16.0,1,0,0,64.88058557888735,3.2289972899729,0.009009009009009,0.0,36900.0,0.08085596014721275,1
FIN-1033-1375,72,COG,Artisanat,81000.0,2.0,0.31,754.0,0,80.7,Peri-urbain,2025-04-19,0,740000.0,185000.0,22.0,110.0,4.0,AllianceFin TCD 18,mobile_money,GAB,restructure,637.0,179.0,3.0,0.0,1.0,0.0,0.75,0.0,7.0,2.0,51400.0,59600.0,22.4,ORANGE,55.0,0,1,0,90.16787787246734,0.7358024691358025,0.125,0.0,81000.0,0.0802514189141289,1
FIN-1031-1470,47,CMR,Artisanat,65000.0,51.0,2.469,813.0,0,71.9,Urbain,2024-12-15,0,2090000.0,522500.0,16.0,98.0,4.0,FondasFin COG 34,microfinance,CMR,defaut,584.0,261.0,3.0,0.0,1.0,0.0,0.75,0.0,127.0,7.0,57600.0,66200.0,19.3,MTN,56.0,0,1,0,78.03088946920683,1.0184615384615383,0.0078125,1.469,65000.0,0.08008782544801396,1
FIN-1029-1804,52,CMR,Service,102100.0,37.0,0.263,672.0,1,83.2,Urbain,2024-01-15,0,3030000.0,432857.1428571429,26.0,115.0,7.0,NovaMoney CMR 20,banque,CMR,restructure,697.0,1018.0,4.0,0.0,3.0,0.0,0.5714285714285714,0.0,1.0,,,,,,,0,0,0,,,0.5,0.0,51050.0,0.07770570924974585,1
FIN-1047-1842,73,CMR,Artisanat,166500.0,98.0,1.789,609.0,4,65.1,Urbain,2025-06-05,0,2640000.0,660000.0,17.0,102.0,4.0,EsperoFin TCD 4,microfinance,GAB,defaut,657.0,969.0,3.0,0.0,1.0,0.0,0.75,0.0,808.0,12.0,41900.0,44800.0,4.4,MTN,20.0,0,0,0,13.395898725983065,0.2690690690690691,0.0012360939431396,0.7889999999999999,33300.0,0.07744064168531584,1
FIN-1038-1917,30,CMR,Commerce,725000.0,72.0,0.467,,7,,Peri-urbain,2025-09-29,0,5350000.0,2675000.0,5.0,69.0,2.0,AllianceFin CMR 39,banque,GNQ,restructure,695.0,253.0,1.0,0.0,1.0,0.0,0.5,0.0,1752.0,17.0,54500.0,59100.0,11.4,MTN,51.0,1,0,0,45.04417839182828,0.0815172413793103,0.0005704506560182,0.0,90625.0,0.07707192372343785,1
FIN-1027-1927,67,CMR,Commerce,30000.0,14.0,2.762,336.0,2,62.7,Rural,2023-06-18,0,1435000.0,1435000.0,7.0,31.0,1.0,AfriFin CMR 41,mobile_money,GAB,restructure,692.0,1096.0,0.0,0.0,1.0,0.0,0.0,0.0,137.0,10.0,119100.0,135800.0,55.0,ORANGE,2.0,0,0,0,60.42367587674602,4.526666666666666,0.0072463768115942,1.762,10000.0,0.07661162288368606,1
FIN-1047-1839,19,CMR,Agriculture,70200.0,,0.464,714.0,2,,Urbain,2025-06-04,0,3165000.0,791250.0,12.0,116.0,4.0,SolidaCredit TCD 17,banque,COG,defaut,606.0,1144.0,2.0,0.0,2.0,0.0,0.5,0.0,531.0,6.0,70100.0,69500.0,7.7,MIXTE,2.0,0,0,1,8.459314622744444,0.99002849002849,0.0018796992481203,0.0,23400.0,0.07623544575091978,1
FIN-1049-1391,53,GNQ,Service,112800.0,48.0,2.894,710.0,0,84.0,Rural,2023-05-23,0,885000.0,295000.0,12.0,110.0,3.0,BarakaCredit CAF 10,banque,COG,defaut,635.0,1067.0,3.0,0.0,0.0,0.0,1.0,0.0,16.0,,,,,,,0,1,0,,,0.0588235294117647,1.894,112800.0,0.07613910505849908,1
FIN-1001-1833,44,CMR,Commerce,1481400.0,119.0,0.32,793.0,0,93.5,Peri-urbain,2023-02-24,0,520000.0,260000.0,12.0,114.0,2.0,NovaMoney CAF 29,cooperative,GAB,defaut,643.0,399.0,2.0,0.0,0.0,0.0,1.0,0.0,29.0,7.0,34600.0,35000.0,12.9,ORANGE,16.0,0,1,0,36.54845213832519,0.0236262994464695,0.0333333333333333,0.0,1481400.0,0.07585488008609853,1
FIN-1030-1779,35,CMR,Commerce,515500.0,94.0,0.28,338.0,0,19.9,Urbain,2024-04-10,1,1905000.0,476250.0,19.0,105.0,4.0,SolidaCredit GNQ 5,cooperative,CMR,restructure,584.0,240.0,2.0,0.0,2.0,0.0,0.5,0.0,30.0,5.0,31700.0,35800.0,30.6,ORANGE,84.0,0,1,0,135.9451284486037,0.0694471387002909,0.032258064516129,0.0,515500.0,0.07580255644696698,1
FIN-1012-1270,42,TCD,Artisanat,1736200.0,35.0,0.192,422.0,0,70.6,Peri-urbain,2023-01-07,0,810000.0,270000.0,10.0,117.0,3.0,KamoFin CMR 10,banque,GNQ,defaut,454.0,1004.0,2.0,0.0,1.0,0.0,0.6666666666666666,0.0,83.0,11.0,106800.0,122500.0,9.2,MIXTE,8.0,0,1,0,20.21446611149322,0.0705563875129593,0.0119047619047619,0.0,1736200.0,0.07479866141500668,1
FIN-1031-1208,26,CMR,Commerce,2159100.0,0.0,2.941,676.0,0,12.1,Urbain,2024-08-31,0,475000.0,475000.0,1.0,3.0,1.0,MicroFin CMR 33,microfinance,GAB,defaut,511.0,134.0,1.0,0.0,0.0,0.0,1.0,0.0,1155.0,,,,,,,0,1,0,,,0.0008650519031141,1.941,2159100.0,0.07428644991526256,1
FIN-1026-1165,44,TCD,Commerce,106400.0,76.0,2.827,312.0,1,59.4,Urbain,2024-06-30,0,575000.0,287500.0,6.0,95.0,2.0,PretRapide CMR 39,mobile_money,GAB,defaut,557.0,647.0,1.0,0.0,1.0,0.0,0.5,0.0,655.0,11.0,424600.0,416300.0,49.5,MTN,55.0,0,0,0,199.25490869138991,3.912593984962406,0.0015243902439024,1.827,53200.0,0.07413547978482038,1
FIN-1034-1017,51,CMR,Service,84000.0,60.0,2.37,516.0,2,88.5,Rural,2025-10-18,0,2770000.0,692500.0,13.0,72.0,4.0,AllianceFin COG 8,banque,GAB,defaut,663.0,709.0,1.0,0.0,3.0,0.0,0.25,0.0,1516.0,13.0,51900.0,52700.0,25.1,MIXTE,58.0,0,0,0,102.34618984203355,0.6273809523809524,0.000659195781147,1.37,28000.0,0.07398703828528652,1
FIN-1038-1431,71,GNQ,Agriculture,313900.0,,0.367,541.0,1,88.5,Urbain,2024-04-26,0,1730000.0,346000.0,21.0,110.0,5.0,AllianceFin TCD 18,mobile_money,GAB,restructure,637.0,179.0,4.0,0.0,1.0,0.0,0.8,0.0,39.0,5.0,37800.0,40500.0,24.6,ORANGE,40.0,0,0,1,91.353872840926,0.1290219815227779,0.025,0.0,156950.0,0.07208310007961127,1
FIN-1046-1251,23,TCD,Commerce,256200.0,95.0,1.127,773.0,1,,Rural,2025-07-30,0,1160000.0,290000.0,16.0,111.0,4.0,AllianceFin COG 45,cooperative,CMR,restructure,646.0,332.0,2.0,0.0,2.0,0.0,0.5,0.0,49.0,7.0,207300.0,209500.0,30.2,MTN,24.0,0,0,0,97.21004991101964,0.817720530835285,0.02,0.127,128100.0,0.07157577536501214,1
FIN-1016-1100,71,COG,Commerce,104300.0,66.0,2.768,,3,70.0,Urbain,2025-01-12,0,1595000.0,797500.0,9.0,87.0,2.0,ZenithMicro COG 4,mobile_money,COG,restructure,662.0,697.0,1.0,0.0,1.0,0.0,0.5,0.0,1672.0,13.0,19900.0,19100.0,46.8,ORANGE,67.0,1,0,0,197.47296060224176,0.1831255992329817,0.0005977286312014,1.7679999999999998,26075.0,0.07150274971829684,1
FIN-1012-1410,59,COG,Artisanat,,106.0,1.891,305.0,0,,Rural,2025-07-24,0,620000.0,206666.66666666663,10.0,119.0,3.0,AllianceFin GNQ 19,banque,CMR,defaut,547.0,465.0,2.0,0.0,1.0,0.0,0.6666666666666666,0.0,576.0,2.0,276600.0,239700.0,40.0,ORANGE,66.0,0,1,0,168.18770477563862,,0.0017331022530329,0.891,,0.07107138279843128,1
FIN-1009-1052,24,TCD,Artisanat,631400.0,77.0,0.035,374.0,0,,Urbain,2024-02-11,0,2955000.0,2955000.0,4.0,98.0,1.0,CreditPop GAB 17,microfinance,CMR,defaut,694.0,634.0,1.0,0.0,0.0,0.0,1.0,0.0,135.0,4.0,122000.0,142500.0,22.4,ORANGE,75.0,0,1,0,97.0084268224138,0.2256889452011403,0.0073529411764705,0.0,631400.0,0.07100320571693497,1
FIN-1035-1404,44,TCD,Agriculture,76200.0,20.0,0.378,731.0,0,19.6,Peri-urbain,2023-10-26,0,1835000.0,458750.0,19.0,112.0,4.0,BarakaCredit CAF 10,banque,COG,defaut,635.0,1067.0,3.0,0.0,1.0,0.0,0.75,0.0,8.0,17.0,38300.0,38800.0,25.0,MIXTE,14.0,0,1,0,67.70125502755525,0.5091863517060368,0.1111111111111111,0.0,76200.0,0.070900612661849,1
FIN-1014-1287,52,CMR,Agriculture,53400.0,24.0,2.908,,0,,Peri-urbain,2023-03-14,0,1315000.0,438333.3333333333,14.0,81.0,3.0,MicroFin CMR 29,cooperative,TCD,defaut,454.0,653.0,2.0,0.0,1.0,0.0,0.6666666666666666,0.0,368.0,6.0,38200.0,42500.0,18.4,ORANGE,48.0,1,1,0,71.60949348523552,0.795880149812734,0.002710027100271,1.908,53400.0,0.07073033895420855,1
FIN-1009-1492,35,TCD,Artisanat,218700.0,34.0,0.076,,0,72.1,Rural,2025-06-23,0,3870000.0,3870000.0,7.0,106.0,1.0,NovaMoney CMR 14,banque,COG,defaut,533.0,709.0,1.0,0.0,0.0,0.0,1.0,0.0,1942.0,7.0,34500.0,35700.0,28.3,MTN,3.0,1,1,0,39.23213041969291,0.1632373113854595,0.0005146680391147,0.0,218700.0,0.07068592771159188,1
FIN-1026-1402,64,GAB,Artisanat,239300.0,37.0,0.243,847.0,3,,Rural,2025-12-02,0,2370000.0,474000.0,21.0,105.0,5.0,BarakaCredit CAF 39,banque,COG,defaut,691.0,1118.0,4.0,0.0,1.0,0.0,0.8,0.0,456.0,19.0,8100.0,7400.0,2.7,MIXTE,72.0,0,0,0,11.584240491100656,0.0309235269536147,0.0021881838074398,0.0,59825.0,0.07041839059320198,1
FIN-1026-1241,60,TCD,Artisanat,57900.0,14.0,0.254,814.0,3,72.6,Peri-urbain,2023-04-25,0,2870000.0,358750.0,24.0,104.0,8.0,AfriFin CMR 24,mobile_money,GAB,defaut,524.0,396.0,6.0,0.0,2.0,0.0,0.75,0.0,261.0,12.0,17600.0,20200.0,16.8,MTN,45.0,0,0,0,64.3211754610168,0.3488773747841105,0.0038167938931297,0.0,14475.0,0.06966325065866252,1
FIN-1041-1285,67,CMR,Commerce,686900.0,0.0,0.498,,1,43.0,Peri-urbain,2024-09-09,0,3715000.0,928750.0,19.0,97.0,4.0,CapSud CAF 40,banque,GAB,defaut,567.0,747.0,3.0,0.0,1.0,0.0,0.75,0.0,59.0,4.0,64100.0,71300.0,30.1,MTN,25.0,1,0,0,98.0687057944466,0.1037996797204833,0.0166666666666666,0.0,343450.0,0.06894486647925868,1
FIN-1033-1956,70,CMR,Agriculture,347600.0,111.0,0.393,,1,,Peri-urbain,2023-09-14,0,1730000.0,432500.0,18.0,119.0,4.0,SolidaCredit GNQ 5,cooperative,CMR,defaut,584.0,240.0,3.0,0.0,1.0,0.0,0.75,0.0,369.0,9.0,336700.0,395300.0,61.5,MTN,79.0,1,0,0,269.4946380324437,1.1372266973532796,0.0027027027027027,0.0,173800.0,0.06879500222099433,1
FIN-1033-1413,59,CMR,Artisanat,1151900.0,79.0,0.15,,1,71.0,Peri-urbain,2025-06-01,0,1520000.0,506666.6666666667,9.0,116.0,3.0,EsperoFin TCD 2,mobile_money,GAB,restructure,575.0,1171.0,1.0,0.0,2.0,0.0,0.3333333333333333,0.0,922.0,6.0,175800.0,169300.0,11.4,MTN,81.0,1,0,0,50.23659941881249,0.1469745637642156,0.0010834236186348,0.0,575950.0,0.06868220894396548,1
FIN-1009-1992,55,CMR,Agriculture,84400.0,20.0,0.685,837.0,0,62.5,Peri-urbain,2024-02-11,0,1435000.0,358750.0,16.0,99.0,4.0,SolidaCredit COG 17,microfinance,CMR,defaut,676.0,877.0,2.0,0.0,2.0,0.0,0.5,0.0,398.0,14.0,119900.0,143300.0,0.2,MTN,2.0,0,1,0,0.2197224577336219,1.697867298578199,0.0025062656641604,0.0,84400.0,0.06766544770216476,1
FIN-1044-1565,45,GNQ,Artisanat,936200.0,61.0,0.595,828.0,1,39.8,Rural,2023-05-11,0,430000.0,143333.33333333334,12.0,115.0,3.0,MicroFin GAB 21,mobile_money,TCD,restructure,595.0,896.0,1.0,0.0,2.0,0.0,0.3333333333333333,0.0,541.0,16.0,601700.0,519700.0,37.5,MTN,45.0,0,0,0,143.57405236834106,0.5551164281136509,0.0018450184501845,0.0,468100.0,0.06732443040055125,1
FIN-1006-1512,44,CMR,Agriculture,219600.0,27.0,2.745,559.0,0,,Rural,2023-04-05,0,480000.0,160000.0,10.0,114.0,3.0,FondasFin COG 9,mobile_money,GAB,defaut,658.0,124.0,2.0,0.0,1.0,0.0,0.6666666666666666,0.0,740.0,14.0,30700.0,30700.0,19.4,ORANGE,19.0,0,1,0,58.11720610694742,0.139799635701275,0.0013495276653171,1.745,219600.0,0.06704216568599952,1
FIN-1002-1458,54,CMR,Agriculture,99400.0,78.0,0.137,,3,89.1,Rural,2025-11-26,0,865000.0,216250.0,19.0,105.0,4.0,KamoFin CMR 10,banque,GNQ,defaut,454.0,1004.0,3.0,0.0,1.0,0.0,0.75,0.0,193.0,9.0,145400.0,162600.0,9.9,ORANGE,30.0,1,0,0,33.99647332440295,1.635814889336016,0.0051546391752577,0.0,24850.0,0.06680183692156516,1
FIN-1041-1092,63,CMR,Artisanat,78100.0,106.0,0.357,468.0,0,,Rural,2025-10-24,0,2235000.0,558750.0,11.0,91.0,4.0,SolidaCredit COG 25,microfinance,CAF,defaut,705.0,333.0,3.0,0.0,1.0,0.0,0.75,0.0,1121.0,10.0,149200.0,151100.0,6.4,ORANGE,45.0,0,1,0,24.50330493753021,1.934699103713188,0.0008912655971479,0.0,78100.0,0.0665810910478486,1
FIN-1045-1427,74,CMR,Artisanat,206200.0,118.0,0.552,,0,,Urbain,2025-06-11,0,2430000.0,1215000.0,9.0,79.0,2.0,CapSud CAF 10,microfinance,CMR,defaut,451.0,1086.0,1.0,0.0,1.0,0.0,0.5,0.0,4.0,19.0,67600.0,74500.0,16.8,CAMTEL,46.0,1,1,0,64.68247970872899,0.3612997090203685,0.2,0.0,206200.0,0.06632012193454451,1
FIN-1022-1910,42,GAB,Agriculture,61300.0,4.0,0.076,710.0,0,93.8,Urbain,2024-06-10,0,2740000.0,685000.0,9.0,116.0,4.0,FondasFin COG 6,banque,TCD,restructure,462.0,116.0,3.0,0.0,1.0,0.0,0.75,0.0,76.0,14.0,45000.0,52800.0,5.3,ORANGE,1.0,0,1,0,3.6736800569677097,0.8613376835236541,0.0129870129870129,0.0,61300.0,0.06590654291076525,1
FIN-1011-1515,53,CMR,Service,133200.0,69.0,2.63,742.0,2,80.6,Urbain,2025-07-06,0,985000.0,246250.0,19.0,105.0,4.0,AllianceFin GAB 15,banque,CMR,restructure,653.0,1100.0,2.0,0.0,2.0,0.0,0.5,0.0,174.0,,,,,,,0,0,0,,,0.0057142857142857,1.63,44400.0,0.0658461355246086,1
FIN-1009-1815,75,CMR,Agriculture,352700.0,94.0,2.282,642.0,0,,Urbain,2024-07-01,0,805000.0,268333.3333333333,4.0,104.0,3.0,SolidaCredit CMR 14,mobile_money,CMR,restructure,689.0,231.0,1.0,0.0,2.0,0.0,0.3333333333333333,0.0,370.0,9.0,155600.0,167400.0,20.7,MIXTE,35.0,0,1,0,74.17884202604148,0.4746243266231925,0.0026954177897574,1.282,352700.0,0.06575040425464451,1
FIN-1041-1048,37,GAB,Artisanat,1865700.0,16.0,0.409,,2,97.5,Urbain,2025-08-22,0,1135000.0,283750.0,11.0,112.0,4.0,AfriFin COG 37,microfinance,GAB,defaut,513.0,23.0,3.0,0.0,1.0,0.0,0.75,0.0,788.0,18.0,22100.0,24600.0,18.7,MTN,33.0,1,0,0,65.94294181032222,0.0131853995819263,0.0012674271229404,0.0,621900.0,0.06564957754213574,1
FIN-1020-1984,62,CMR,Agriculture,193800.0,91.0,0.402,709.0,0,87.5,Urbain,2023-07-24,0,600000.0,200000.0,8.0,78.0,3.0,KamoFin COG 9,mobile_money,CMR,restructure,475.0,1129.0,1.0,0.0,2.0,0.0,0.3333333333333333,0.0,87.0,10.0,462400.0,529300.0,44.5,MTN,7.0,0,1,0,92.53514860475268,2.7311661506707945,0.0113636363636363,0.0,193800.0,0.06543012931641057,1
FIN-1047-1222,39,CMR,Commerce,1118900.0,91.0,0.151,,0,93.5,Urbain,2024-01-27,0,1650000.0,550000.0,11.0,89.0,3.0,PretRapide CAF 22,microfinance,CMR,defaut,516.0,418.0,3.0,0.0,0.0,0.0,1.0,0.0,390.0,7.0,16100.0,16200.0,23.2,MTN,3.0,1,1,0,32.16202917798146,0.0144785056752167,0.0025575447570332,0.0,1118900.0,0.06525427902693148,1
FIN-1042-1957,70,CMR,Service,1560300.0,93.0,0.182,,3,,Peri-urbain,2025-04-23,0,2510000.0,836666.6666666666,13.0,101.0,3.0,CreditPop CMR 40,banque,CMR,restructure,607.0,878.0,2.0,0.0,1.0,0.0,0.6666666666666666,0.0,570.0,19.0,6000.0,5900.0,9.4,MTN,61.0,1,0,0,38.79506321942387,0.0037813241043389,0.0017513134851138,0.0,390075.0,0.06518101339287763,1
FIN-1047-1296,49,COG,Service,30000.0,31.0,0.411,341.0,3,92.0,Semi-urbain,2023-12-25,1,1320000.0,330000.0,13.0,76.0,4.0,MicroFin GAB 39,banque,CMR,defaut,627.0,1057.0,2.0,0.0,2.0,0.0,0.5,0.0,4.0,14.0,70400.0,64700.0,10.6,MIXTE,72.0,0,0,0,45.47887007617295,2.1566666666666667,0.2,0.0,7500.0,0.06491047780704395,1
FIN-1047-1812,23,CMR,Commerce,156200.0,27.0,2.293,720.0,1,22.2,Peri-urbain,2025-11-25,0,1185000.0,592500.0,8.0,116.0,2.0,ZenithMicro CMR 4,microfinance,CMR,restructure,468.0,1056.0,1.0,0.0,1.0,0.0,0.5,0.0,663.0,11.0,157000.0,176800.0,20.2,ORANGE,53.0,0,0,0,80.57747774059834,1.1318822023047377,0.0015060240963855,1.293,78100.0,0.0648205845747849,1
FIN-1035-1735,52,COG,Artisanat,857500.0,109.0,0.129,336.0,2,,Urbain,2024-08-08,0,3500000.0,875000.0,16.0,98.0,4.0,CapSud CAF 40,microfinance,CAF,restructure,577.0,465.0,2.0,0.0,2.0,0.0,0.5,0.0,165.0,10.0,10800.0,11800.0,27.7,MTN,2.0,0,0,0,30.431560396106637,0.0137609329446064,0.0060240963855421,0.0,285833.3333333333,0.06469269412638812,1
FIN-1005-1427,59,RCA,Service,,34.0,2.416,339.0,2,65.7,Rural,2025-08-19,0,1370000.0,456666.6666666667,17.0,104.0,3.0,AfriFin GAB 49,cooperative,GAB,defaut,587.0,468.0,2.0,0.0,1.0,0.0,0.6666666666666666,0.0,1136.0,4.0,144200.0,124900.0,11.5,MTN,25.0,0,0,0,37.46811018724704,,0.0008795074758135,1.416,,0.0646160358684863,1
FIN-1010-1858,45,COG,Commerce,578500.0,0.0,2.795,570.0,1,94.3,Urbain,2024-04-07,1,2550000.0,1275000.0,9.0,99.0,2.0,ProximaCredit GAB 11,microfinance,CMR,defaut,507.0,922.0,2.0,0.0,0.0,0.0,1.0,0.0,110.0,,,,,,,0,0,0,,,0.009009009009009,1.795,289250.0,0.06433969115230442,1
FIN-1041-1764,25,TCD,Commerce,,53.0,0.326,302.0,0,,Urbain,2025-06-06,0,1065000.0,355000.0,13.0,110.0,3.0,EsperoFin GAB 45,cooperative,CMR,restructure,554.0,927.0,1.0,0.0,2.0,0.0,0.3333333333333333,0.0,102.0,16.0,423300.0,399200.0,15.9,ORANGE,52.0,0,1,0,63.12764142547874,,0.0097087378640776,0.0,,0.06426453266111709,1
FIN-1002-1081,33,CMR,Commerce,106100.0,75.0,2.311,362.0,3,66.1,Urbain,2022-10-23,0,900000.0,225000.0,15.0,100.0,4.0,BarakaCredit CMR 48,mobile_money,CAF,defaut,597.0,1069.0,4.0,0.0,0.0,0.0,1.0,0.0,115.0,18.0,16100.0,13900.0,24.0,MTN,75.0,0,0,0,103.93760016687196,0.1310084825636192,0.0086206896551724,1.311,26525.0,0.06397397291094509,1
FIN-1044-1076,66,CAF,Commerce,341900.0,70.0,0.066,822.0,4,45.5,Urbain,2024-11-07,0,2005000.0,334166.6666666667,17.0,95.0,6.0,EsperoFin GAB 36,banque,GAB,restructure,594.0,413.0,5.0,0.0,1.0,0.0,0.8333333333333334,0.0,85.0,11.0,231900.0,230100.0,50.0,ORANGE,13.0,0,0,0,131.95286648076294,0.6730038022813688,0.0116279069767441,0.0,68380.0,0.06392441823428807,1
FIN-1049-1729,39,CAF,Commerce,146200.0,45.0,0.462,714.0,0,83.4,Peri-urbain,2025-08-27,0,3875000.0,968750.0,24.0,82.0,4.0,BarakaCredit TCD 6,mobile_money,CMR,restructure,643.0,1077.0,2.0,0.0,2.0,0.0,0.5,0.0,627.0,9.0,34700.0,35000.0,45.3,MTN,78.0,0,1,0,197.93598771675607,0.2393980848153215,0.001592356687898,0.0,146200.0,0.06387277604313335,1
FIN-1007-1165,27,CMR,Commerce,30000.0,16.0,2.048,809.0,3,74.7,Urbain,2023-07-07,0,2065000.0,516250.0,24.0,82.0,4.0,CreditPop GAB 17,microfinance,CMR,defaut,694.0,634.0,3.0,0.0,1.0,0.0,0.75,0.0,310.0,,,,,,,0,0,0,,,0.0032154340836012,1.048,7500.0,0.06382004538274333,1
FIN-1025-1549,18,GAB,Commerce,468800.0,10.0,,791.0,0,,Peri-urbain,2023-10-06,0,3825000.0,1275000.0,8.0,87.0,3.0,KamoFin CMR 10,banque,GNQ,restructure,454.0,1004.0,1.0,0.0,2.0,0.0,0.3333333333333333,0.0,463.0,17.0,42400.0,38100.0,4.8,ORANGE,45.0,0,1,0,18.377478703147656,0.0812713310580204,0.0021551724137931,0.0,468800.0,0.06353888815313613,1
FIN-1029-1917,40,CMR,Commerce,398300.0,83.0,0.086,818.0,0,90.4,Rural,2025-05-29,0,2600000.0,433333.3333333333,25.0,76.0,6.0,AllianceFin CMR 45,microfinance,GNQ,defaut,471.0,638.0,6.0,0.0,0.0,0.0,1.0,0.0,184.0,11.0,14300.0,12700.0,41.2,ORANGE,6.0,0,1,0,80.17149814107891,0.0318855134320863,0.0054054054054054,0.0,398300.0,0.06338958219129798,1
FIN-1017-1006,72,CAF,Agriculture,970300.0,87.0,,,4,,Urbain,2023-11-30,0,2260000.0,753333.3333333334,18.0,70.0,3.0,AllianceFin CMR 49,banque,COG,defaut,504.0,931.0,3.0,0.0,0.0,0.0,1.0,0.0,73.0,4.0,23700.0,24500.0,12.7,MTN,15.0,1,0,0,35.211876772445216,0.0252499227043182,0.0135135135135135,0.0,194060.0,0.06338300951944986,1
FIN-1005-1759,21,CMR,Agriculture,184600.0,43.0,2.736,331.0,2,74.5,Urbain,2024-04-20,1,1600000.0,400000.0,21.0,96.0,4.0,SolidaCredit COG 8,microfinance,CMR,defaut,514.0,104.0,3.0,0.0,1.0,0.0,0.75,0.0,377.0,11.0,36700.0,41800.0,52.7,MTN,2.0,0,0,0,57.89686761280938,0.2264355362946912,0.0026455026455026,1.7360000000000002,61533.333333333336,0.06319941712394384,1
FIN-1037-1405,28,CMR,Agriculture,103500.0,43.0,0.44,361.0,0,47.4,Peri-urbain,2024-08-05,0,2810000.0,702500.0,21.0,78.0,4.0,ZenithMicro TCD 36,microfinance,CMR,restructure,603.0,208.0,2.0,0.0,2.0,0.0,0.5,0.0,791.0,3.0,88000.0,78300.0,22.5,MTN,74.0,0,1,0,97.14348255456696,0.7565217391304347,0.0012626262626262,0.0,103500.0,0.06311075405483835,1
FIN-1027-1643,41,CAF,Commerce,172100.0,120.0,0.333,386.0,0,45.3,Rural,2025-09-08,0,1450000.0,362500.0,27.0,73.0,4.0,ZenithMicro GNQ 28,microfinance,CMR,defaut,442.0,789.0,1.0,0.0,3.0,0.0,0.25,0.0,181.0,15.0,162600.0,145900.0,1.5,MTN,49.0,0,1,0,5.868034508142219,0.8477629285299244,0.0054945054945054,0.0,172100.0,0.0628706395173273,1
FIN-1041-1432,48,GAB,Commerce,30000.0,115.0,0.351,809.0,0,,Rural,2024-12-30,0,3570000.0,892500.0,18.0,103.0,4.0,AllianceFin GAB 22,mobile_money,CAF,defaut,568.0,503.0,3.0,0.0,1.0,0.0,0.75,0.0,565.0,8.0,20100.0,19600.0,18.9,MTN,38.0,0,1,0,69.24131511185031,0.6533333333333333,0.0017667844522968,0.0,30000.0,0.06285897276481978,1
FIN-1010-1502,47,CMR,Service,218500.0,106.0,0.105,,0,58.9,Rural,2025-05-20,0,1935000.0,483750.0,13.0,112.0,4.0,SolidaCredit GAB 9,banque,CMR,defaut,493.0,125.0,3.0,0.0,1.0,0.0,0.75,0.0,19.0,13.0,66800.0,57300.0,12.4,CAMTEL,16.0,1,1,0,35.13184546629708,0.2622425629290618,0.05,0.0,218500.0,0.06249888020411665,1
FIN-1036-1451,22,COG,Artisanat,962500.0,16.0,0.158,755.0,0,86.4,Peri-urbain,2025-10-15,1,2235000.0,745000.0,12.0,106.0,3.0,EsperoFin CMR 32,banque,CMR,restructure,606.0,532.0,1.0,0.0,2.0,0.0,0.3333333333333333,0.0,642.0,18.0,23700.0,26600.0,36.2,MIXTE,2.0,0,1,0,39.76976484978557,0.0276363636363636,0.0015552099533437,0.0,962500.0,0.06237760831604189,1
FIN-1004-1817,75,GAB,Agriculture,149900.0,30.0,0.42,828.0,3,71.0,Urbain,2023-09-19,0,2085000.0,417000.0,21.0,97.0,5.0,CreditPop CMR 10,microfinance,CMR,restructure,440.0,1128.0,2.0,0.0,3.0,0.0,0.4,0.0,32.0,5.0,49300.0,45600.0,31.8,MTN,22.0,0,0,0,99.70871606654696,0.3042028018679119,0.0303030303030303,0.0,37475.0,0.0623632564078106,1
FIN-1045-1751,55,CMR,Commerce,87100.0,70.0,0.594,667.0,3,41.0,Peri-urbain,2025-02-14,0,3750000.0,937500.0,14.0,116.0,4.0,MicroFin TCD 12,banque,COG,restructure,681.0,55.0,2.0,0.0,2.0,0.0,0.5,0.0,45.0,10.0,61500.0,71800.0,24.7,MTN,51.0,0,0,0,97.59571984896124,0.8243398392652124,0.0217391304347826,0.0,21775.0,0.06211183616940186,1
FIN-1000-1003,41,COG,Agriculture,55300.0,101.0,2.89,801.0,2,14.6,Urbain,2025-12-30,0,2060000.0,1030000.0,6.0,95.0,2.0,AfriFin CAF 14,microfinance,CAF,defaut,464.0,375.0,2.0,0.0,0.0,0.0,1.0,0.0,890.0,,,,,,,0,0,0,,,0.0011223344556677,1.89,18433.33333333333,0.06207610574585776,1
FIN-1000-1759,32,CMR,Agriculture,109800.0,101.0,0.236,525.0,3,90.4,Rural,2024-12-26,0,1640000.0,410000.0,21.0,110.0,4.0,MicroFin CMR 14,microfinance,CAF,restructure,678.0,1144.0,1.0,0.0,3.0,0.0,0.25,0.0,238.0,14.0,168900.0,165200.0,19.0,ORANGE,40.0,0,0,0,70.55786926738185,1.5045537340619308,0.00418410041841,0.0,27450.0,0.06194157976574666,1
FIN-1030-1100,57,GAB,Service,1730600.0,118.0,0.57,,0,37.5,Peri-urbain,2025-06-15,0,1550000.0,387500.0,10.0,101.0,4.0,ZenithMicro GAB 6,banque,CAF,restructure,569.0,635.0,2.0,0.0,2.0,0.0,0.5,0.0,63.0,,,,,,,1,1,0,,,0.015625,0.0,1730600.0,0.06132937486498091,1
FIN-1019-1735,33,GAB,Artisanat,795200.0,30.0,0.162,836.0,0,80.3,Urbain,2025-11-16,0,1175000.0,391666.6666666667,10.0,99.0,3.0,FondasFin COG 2,microfinance,CAF,restructure,632.0,144.0,2.0,0.0,1.0,0.0,0.6666666666666666,0.0,765.0,7.0,192700.0,218700.0,42.9,MTN,35.0,0,1,0,153.73296245976712,0.2750251509054326,0.0013054830287206,0.0,795200.0,0.06130495008111492,1
FIN-1008-1687,56,CMR,Artisanat,733700.0,33.0,0.442,565.0,1,,Urbain,2025-05-13,0,1530000.0,382500.0,18.0,117.0,4.0,MicroFin CMR 14,microfinance,CAF,restructure,678.0,1144.0,3.0,0.0,1.0,0.0,0.75,0.0,10.0,6.0,34800.0,41200.0,16.0,ORANGE,79.0,0,0,0,70.1124261547821,0.0561537413111626,0.0909090909090909,0.0,366850.0,0.06124254753968683,1
FIN-1033-1576,75,CMR,Artisanat,271500.0,68.0,0.389,783.0,0,78.1,Urbain,2023-09-26,0,2650000.0,662500.0,14.0,104.0,4.0,SolidaCredit CAF 9,cooperative,CMR,defaut,611.0,318.0,2.0,0.0,2.0,0.0,0.5,0.0,113.0,6.0,19100.0,21000.0,21.0,ORANGE,74.0,0,1,0,90.66725038426252,0.0773480662983425,0.0087719298245614,0.0,271500.0,0.06075628707415204,1
FIN-1019-1546,26,GAB,Service,165000.0,,0.083,729.0,3,65.6,Urbain,2025-03-21,0,1000000.0,250000.0,16.0,81.0,4.0,SolidaCredit CAF 1,banque,GAB,restructure,530.0,1146.0,1.0,0.0,3.0,0.0,0.25,0.0,1281.0,13.0,7200.0,7200.0,14.8,ORANGE,74.0,0,0,1,63.89882408033739,0.0436363636363636,0.000780031201248,0.0,41250.0,0.06039739508429032,1
FIN-1031-1787,44,CMR,Commerce,56100.0,82.0,0.262,679.0,0,23.2,Rural,2024-07-18,0,1035000.0,258750.0,19.0,115.0,4.0,SolidaCredit GAB 18,banque,GAB,restructure,453.0,557.0,2.0,0.0,2.0,0.0,0.5,0.0,789.0,14.0,168600.0,180900.0,52.4,MTN,70.0,0,1,0,223.36442555696493,3.2245989304812834,0.0012658227848101,0.0,56100.0,0.0600428909629368,1
FIN-1022-1283,33,GAB,Agriculture,563400.0,40.0,0.218,680.0,0,20.4,Campagne,2024-07-25,0,980000.0,245000.0,11.0,103.0,4.0,MicroFin GAB 39,banque,CMR,restructure,627.0,1057.0,1.0,0.0,3.0,0.0,0.25,0.0,1226.0,4.0,19900.0,17100.0,9.4,MTN,66.0,0,1,0,39.52411062227508,0.0303514376996805,0.0008149959250203,0.0,563400.0,0.059629283374236675,1
FIN-1019-1079,49,CMR,Commerce,1123200.0,80.0,0.237,849.0,1,,Rural,2023-05-21,1,1045000.0,348333.3333333333,10.0,116.0,3.0,EsperoFin TCD 2,mobile_money,GAB,restructure,575.0,1171.0,1.0,0.0,2.0,0.0,0.3333333333333333,0.0,52.0,4.0,17700.0,17000.0,11.3,ORANGE,5.0,0,0,0,20.246882002277022,0.0151353276353276,0.0188679245283018,0.0,561600.0,0.059617628888981034,1
FIN-1027-1942,19,CMR,Agriculture,30000.0,113.0,0.727,720.0,4,47.9,Rural,2025-11-06,0,2130000.0,710000.0,13.0,47.0,3.0,KamoFin CMR 10,banque,GNQ,restructure,454.0,1004.0,2.0,0.0,1.0,0.0,0.6666666666666666,0.0,269.0,8.0,197800.0,177300.0,15.4,ORANGE,62.0,0,0,0,63.8042747864296,5.91,0.0037037037037037,0.0,6000.0,0.05950918412125217,1
FIN-1007-1530,24,CMR,Commerce,226500.0,48.0,0.451,369.0,0,49.4,Urbain,2025-08-23,0,3265000.0,544166.6666666666,23.0,71.0,6.0,BarakaCredit TCD 5,cooperative,COG,defaut,522.0,175.0,5.0,0.0,1.0,0.0,0.8333333333333334,0.0,128.0,8.0,85400.0,73600.0,53.2,MIXTE,70.0,0,1,0,226.774569458598,0.3249448123620309,0.0077519379844961,0.0,226500.0,0.05897427489916418,1
FIN-1040-1553,58,GAB,Elevage,968300.0,8.0,0.466,670.0,1,59.0,Urbain,2022-12-21,0,2210000.0,552500.0,14.0,116.0,4.0,ProximaCredit CMR 34,mobile_money,CAF,defaut,713.0,759.0,2.0,0.0,2.0,0.0,0.5,0.0,72.0,12.0,16700.0,18700.0,55.6,MTN,8.0,0,0,0,122.1656864998938,0.0193121966332748,0.0136986301369863,0.0,484150.0,0.05868094020051684,1
FIN-1028-1616,44,CMR,Agriculture,58400.0,72.0,1.534,751.0,1,,Rural,2025-12-25,1,2425000.0,485000.0,17.0,96.0,5.0,FondasFin TCD 22,banque,TCD,defaut,440.0,502.0,5.0,0.0,0.0,0.0,1.0,0.0,903.0,9.0,75500.0,79400.0,12.9,ORANGE,50.0,0,0,0,50.7205506621438,1.3595890410958904,0.0011061946902654,0.534,29200.0,0.05817776386041118,1
FIN-1002-1852,19,CAF,Agriculture,85600.0,114.0,0.125,681.0,0,35.3,Peri-urbain,2025-11-01,0,1700000.0,425000.0,11.0,110.0,4.0,FondasFin COG 2,microfinance,CAF,defaut,632.0,144.0,4.0,0.0,0.0,0.0,1.0,0.0,454.0,12.0,172400.0,179500.0,43.7,ORANGE,36.0,0,1,0,157.7971127825526,2.09696261682243,0.0021978021978021,0.0,85600.0,0.058159679222745564,1
